Date,Open,High,Low,Close
02/28/25,107.25,107.66,107.18,107.61
02/27/25,106.53,107.35,106.52,107.24
02/26/25,106.17,106.65,106.16,106.42
02/25/25,106.77,106.79,106.19,106.31
02/24/25,106.55,106.75,106.13,106.6
02/21/25,106.46,106.75,106.38,106.61
02/20/25,107.12,107.15,106.33,106.37
02/19/25,107.03,107.38,106.88,107.17
02/18/25,106.81,107.12,106.81,107.05
02/17/25,107.12,107.18,106.57,106.71
02/14/25,107.12,107.18,106.57,106.71
02/13/25,107.92,108,107.03,107.31
2/12/2025,108.01,108.52,107.63,107.94
2/11/2025,108.34,108.46,107.78,107.96
2/10/2025,108.37,108.44,108.09,108.32
2/7/2025,107.7,108.32,107.52,108.04
2/6/2025,107.62,108.1,107.53,107.69
2/5/2025,108.05,108.01,107.3,107.58
2/4/2025,108.67,109.04,107.92,107.96
2/3/2025,109.3,109.88,108.34,108.99
01/31/25,108.16,108.56,107.78,108.37
01/30/25,107.86,108.24,107.5,107.8
01/29/25,107.89,108.3,107.75,108
01/28/25,107.71,108.05,107.69,107.87
01/27/25,107.47,107.81,106.97,107.34
01/24/25,108.09,108.19,107.22,107.44
01/23/25,108.25,108.51,107.92,108.05
01/22/25,107.99,108.28,107.75,108.17
01/21/25,107.98,108.79,107.92,108.06
01/20/25,108.93,109.42,108.83,109.35
01/17/25,108.93,109.42,108.83,109.35
01/16/25,109.07,109.38,108.83,108.96
01/15/25,109.23,109.38,108.6,109.09
01/14/25,109.57,109.76,109.18,109.27
01/13/25,109.63,110.18,109.35,109.96
1/10/2025,109.23,109.97,109.08,109.65
1/9/2025,108.62,109.38,108.55,109.09
1/8/2025,108.62,109.38,108.55,109.09
1/7/2025,108.34,108.7,107.85,108.54
1/6/2025,108.92,109.07,107.75,108.26
1/3/2025,109.2,109.22,108.9,108.95
1/2/2025,108.53,109.53,108.27,109.39
1/1/2025,108.09,108.58,107.87,108.49
12/31/24,108.09,108.58,107.87,108.48
12/30/24,108.01,108.38,107.74,108.13
12/27/24,108.08,108.2,107.87,108
12/26/24,108.17,108.3,108.03,108.13
12/25/24,108.16,108.3,107.92,108.26
12/24/24,108.16,108.3,107.92,108.12
12/23/24,107.81,108.28,107.68,108.04
12/20/24,108.48,108.54,107.59,107.62
12/19/24,108.1,108.48,107.82,108.41
12/18/24,106.93,108.27,106.82,108.03
12/17/24,106.81,107.08,106.7,106.96
12/16/24,106.94,107.17,106.75,106.86
12/13/24,106.97,107.19,106.72,107
12/12/2024,106.56,107.04,106.35,106.96
12/11/2024,106.37,106.81,106.27,106.71
12/10/2024,106.18,106.64,106.04,106.4
12/9/2024,105.97,106.21,105.8,106.14
12/6/2024,105.79,106.16,105.42,106.06
12/5/2024,106.34,106.37,105.7,105.71
12/4/2024,106.43,106.72,106.09,106.32
12/3/2024,106.48,106.6,106.09,106.36
12/2/2024,105.83,106.73,105.82,106.45
11/29/24,105.95,106.13,105.61,105.74
11/28/24,106.82,106.92,105.86,106.08
11/27/24,106.82,106.92,105.86,106.08
11/26/24,107.48,107.5,106.49,107.01
11/25/24,107.49,107.25,106.58,106.82
11/22/24,107.06,108.07,106.92,107.55
11/21/24,106.59,107.16,106.46,106.97
11/20/24,106.12,106.92,106.11,106.68
11/19/24,106.26,106.63,106.11,106.21
11/18/24,106.67,106.81,106.13,106.28
11/15/24,106.9,106.96,106.33,106.69
11/14/24,106.5,107.06,106.38,106.67
11/13/24,106.02,106.54,105.72,106.48
11/12/2024,105.49,106.18,105.49,106.02
11/11/2024,105.01,105.7,104.93,105.54
11/8/2024,104.45,105.21,104.34,105
11/7/2024,105.16,105.25,104.19,104.51
11/6/2024,103.7,105.44,104.04,105.09
11/5/2024,103.91,103.96,103.37,103.42
11/4/2024,103.93,103.97,103.58,103.89
11/1/2024,103.86,104.35,103.68,104.28
10/31/24,104.08,104.22,103.82,103.98
10/30/24,104.25,104.44,103.98,103.99
10/29/24,104.31,104.64,104.21,104.32
10/28/24,104.32,104.57,104.12,104.32
10/25/24,104.05,104.34,103.94,104.26
10/24/24,104.43,104.45,104.01,104.06
10/23/24,104.09,104.57,104.09,104.43
10/22/24,103.97,104.13,103.82,104.08
10/21/24,103.47,104.02,103.42,104.01
10/18/24,103.81,103.81,103.46,103.49
10/17/24,103.56,103.87,103.44,103.83
10/16/24,103.26,103.61,103.17,103.59
10/15/24,103.21,103.34,103.03,103.26
10/14/24,102.93,103.36,102.93,103.3
10/11/2024,102.88,102.99,102.77,102.89
10/10/2024,102.88,103.18,102.72,102.99
10/9/2024,102.48,102.94,102.46,102.93
10/8/2024,102.46,102.64,102.29,102.55
10/7/2024,102.49,102.62,102.37,102.54
10/4/2024,101.91,102.69,101.81,102.52
10/3/2024,101.64,102.1,101.63,101.99
10/2/2024,101.24,101.69,101.16,101.68
10/1/2024,100.74,101.39,100.7,101.19
09/30/24,100.44,100.92,100.18,100.78
09/27/24,100.59,100.88,100.16,100.38
09/26/24,100.93,100.97,100.48,100.91
09/25/24,100.28,100.99,100.22,100.91
09/24/24,100.97,101.05,100.34,100.47
09/23/24,100.74,101.23,100.72,100.85
09/20/24,100.69,101.02,100.41,100.72
09/19/24,101.01,101.47,100.52,100.61
09/18/24,100.94,101.15,100.22,100.6
09/17/24,100.76,101.03,100.57,100.89
09/16/24,101.03,101.1,100.59,100.76
09/13/24,101.2,101.2,100.88,101.11
9/12/2024,101.78,101.84,101.22,101.37
9/11/2024,101.66,101.82,101.27,101.68
9/10/2024,101.64,101.77,101.54,101.63
9/9/2024,101.19,101.7,101.14,101.55
9/6/2024,101.06,101.39,100.58,101.18
9/5/2024,101.28,101.37,100.96,101.11
9/4/2024,101.69,101.78,101.24,101.36
9/3/2024,101.66,101.92,101.56,101.83
9/2/2024,101.38,101.78,101.25,101.7
08/30/24,101.38,101.78,101.25,101.7
08/29/24,101,101.58,100.89,101.34
08/28/24,100.55,101.18,100.57,101.09
08/27/24,100.82,100.93,100.51,100.55
08/26/24,100.66,100.92,100.53,100.85
08/23/24,101.46,101.55,100.6,100.72
08/22/24,101.13,101.63,101.09,101.51
08/21/24,101.35,101.63,100.92,101.04
08/20/24,101.88,102.01,101.36,101.44
08/19/24,102.4,102.48,101.85,101.89
08/16/24,103.03,103.05,102.39,102.46
08/15/24,102.63,103.23,102.54,102.98
08/14/24,102.61,102.72,102.27,102.57
08/13/24,103.09,103.27,102.55,102.56
8/12/2024,103.15,103.31,103.09,103.14
8/9/2024,103.27,103.3,103.03,103.14
8/8/2024,103.09,103.55,102.92,103.21
8/7/2024,102.95,103.37,102.92,103.2
8/6/2024,102.78,103.22,102.7,102.97
8/5/2024,102.62,103.28,102.16,102.69
8/2/2024,104.31,104.43,103.13,103.21
8/1/2024,104.07,104.45,103.86,104.42
07/31/24,104.43,104.53,103.93,104.1
07/30/24,104.56,104.8,104.45,104.55
07/29/24,104.33,104.75,104.14,104.56
07/26/24,104.36,104.45,104.21,104.32
07/25/24,104.38,104.45,104.08,104.36
07/24/24,104.48,104.56,104.12,104.39
07/23/24,104.31,104.53,104.2,104.45
07/22/24,104.34,104.42,104.18,104.31
07/19/24,104.16,104.42,104.13,104.4
07/18/24,103.7,104.23,103.65,104.17
07/17/24,104.22,104.29,103.65,103.75
07/16/24,104.25,104.51,104.2,104.27
07/15/24,104.08,104.32,104.03,104.19
7/12/2024,104.52,104.55,104.04,104.09
7/11/2024,104.99,105,104.08,104.44
7/10/2024,105.12,105.17,104.98,105.05
7/9/2024,104.99,105.21,104.95,105.13
7/8/2024,104.88,105.03,104.8,105
7/5/2024,105.17,105.17,104.83,104.88
7/4/2024,105.32,105.36,105.1,105.13
7/3/2024,105.67,105.8,105.05,105.4
7/2/2024,105.85,106.05,105.66,105.72
7/1/2024,105.7,105.98,105.42,105.9
06/28/24,105.92,106.13,105.75,105.87
06/27/24,106.06,106.08,105.71,105.91
06/26/24,105.66,106.13,105.61,106.05
06/25/24,105.51,105.78,105.37,105.61
06/24/24,105.83,105.9,105.37,105.47
06/21/24,105.64,105.92,105.54,105.8
06/20/24,105.2,105.67,105.2,105.59
06/19/24,105.26,105.34,105.15,105.25
06/18/24,105.3,105.56,105.13,105.26
06/17/24,105.51,105.65,105.31,105.32
06/14/24,105.23,105.81,105.18,105.55
06/13/24,104.69,105.28,104.64,105.2
6/12/2024,105.28,105.32,104.26,104.64
6/11/2024,105.15,105.46,105.09,105.23
6/10/2024,104.94,105.39,105.04,105.15
6/7/2024,104.09,104.95,104,104.89
6/6/2024,104.25,104.37,104.05,104.1
6/5/2024,104.17,104.46,104.13,104.27
6/4/2024,104.05,104.33,103.99,104.11
6/3/2024,104.63,104.77,104.04,104.14
05/31/24,104.76,104.9,104.36,104.67
05/30/24,105.13,105.18,104.63,104.72
05/29/24,104.64,105.14,104.59,104.61
05/28/24,104.58,104.64,104.33,104.61
05/27/24,104.75,104.75,104.57,104.59
05/24/24,105.03,105.12,104.64,104.72
05/23/24,104.9,105.11,104.63,105.11
05/22/24,104.62,104.97,104.56,104.93
05/21/24,104.6,104.77,104.48,104.66
05/20/24,104.5,104.65,104.39,104.56
05/17/24,104.5,104.8,104.39,104.44
05/16/24,104.21,104.63,104.08,104.46
05/15/24,105.05,105.06,104.28,104.34
05/14/24,105.2,105.46,104.96,105.01
05/13/24,105.31,105.37,105.06,105.22
5/10/2024,105.2,105.4,105.14,105.3
5/9/2024,105.52,105.74,105.2,105.23
5/8/2024,105.42,105.64,105.39,105.55
5/7/2024,105.14,105.45,105.03,105.41
5/6/2024,105.05,105.2,104.87,105.05
5/3/2024,105.31,105.37,104.52,105.03
5/2/2024,105.73,105.9,105.3,105.3
5/1/2024,106.31,106.49,105.44,105.75
04/30/24,105.67,106.34,105.67,106.22
04/29/24,106.09,106.08,105.46,105.58
04/26/24,105.58,106.19,105.41,105.94
04/25/24,105.82,106,105.51,105.6
04/24/24,105.69,105.95,105.59,105.86
04/23/24,106.12,106.24,105.61,105.67
04/22/24,106.1,106.39,105.98,106.08
04/19/24,106.19,106.35,105.85,106.15
04/18/24,105.93,106.18,105.74,106.15
04/17/24,106.33,106.44,105.87,105.95
04/16/24,106.17,106.52,106.07,106.26
04/15/24,106.02,106.25,105.84,106.21
4/12/2024,105.28,106.11,105.24,106.04
4/11/2024,105.18,105.53,105.03,105.28
4/10/2024,104.1,105.3,104.02,105.25
4/9/2024,104.12,104.2,103.88,104.15
4/8/2024,104.29,104.44,104.1,104.14
4/5/2024,104.21,104.69,104.14,104.3
4/4/2024,104.23,104.26,103.92,104.12
4/3/2024,104.77,104.84,104.23,104.25
4/2/2024,105,105.1,104.68,104.82
4/1/2024,104.49,105.08,104.42,105.02
03/29/24,104.54,104.67,104.41,104.55
03/28/24,104.44,104.73,104.31,104.55
03/27/24,104.3,104.46,104.22,104.35
03/26/24,104.22,104.34,104.01,104.23
03/25/24,104.4,104.47,104.14,104.23
03/22/24,103.99,104.5,103.92,104.43
03/21/24,103.24,104.05,103.17,104
03/20/24,103.84,104.15,103.38,103.41
03/19/24,103.59,104.06,103.58,103.81
03/18/24,103.43,103.65,103.33,103.58
03/15/24,103.39,103.49,103.3,103.43
03/14/24,102.76,103.4,102.74,103.36
03/13/24,102.92,103.02,102.67,102.79
3/12/2024,102.82,103.18,102.72,102.96
3/11/2024,102.74,102.93,102.64,102.87
3/8/2024,102.73,102.9,102.36,102.71
3/7/2024,103.31,103.35,102.79,102.82
3/6/2024,103.81,103.89,103.2,103.37
3/5/2024,103.85,103.95,103.58,103.8
3/4/2024,103.88,103.96,103.73,103.83
3/1/2024,104.13,104.29,103.84,103.86
02/29/24,103.92,104.2,103.66,104.16
02/28/24,103.84,104.24,103.81,103.97
02/27/24,103.78,103.92,103.61,103.83
02/26/24,103.93,104.02,103.71,103.83
02/23/24,103.95,104.05,103.77,103.94
02/22/24,103.91,104.13,103.43,103.96
02/21/24,104.04,104.21,103.94,104.01
02/20/24,104.32,104.41,103.8,104.08
02/19/24,104.28,104.37,104.14,104.25
02/16/24,104.3,104.67,104.17,104.3
02/15/24,104.66,104.71,104.18,104.3
02/14/24,104.83,104.98,104.66,104.72
02/13/24,104.17,104.96,103.97,104.96
2/12/2024,104.08,104.28,103.89,104.17
2/9/2024,104.14,104.26,103.95,104.11
2/8/2024,104.03,104.43,103.95,104.17
2/7/2024,104.15,104.17,103.94,104.06
2/6/2024,104.44,104.59,104.14,104.21
2/5/2024,104.01,104.6,103.99,104.45
2/2/2024,102.99,104.04,102.9,103.92
2/1/2024,103.51,103.81,103.02,103.05
01/31/24,103.42,103.74,102.94,103.27
01/30/24,103.44,103.61,103.31,103.4
01/29/24,103.47,103.82,103.4,103.61
01/26/24,103.52,103.73,103.15,103.43
01/25/24,103.35,103.68,103.12,103.57
01/24/24,103.51,103.55,102.77,103.24
01/23/24,103.35,103.82,102.98,103.62
01/22/24,103.27,103.37,103.11,103.33
01/19/24,103.37,103.55,103.24,103.29
01/18/24,103.37,103.63,103.15,103.54
01/17/24,103.36,103.69,103.26,103.45
01/16/24,102.74,103.42,102.74,103.36
01/15/24,102.44,102.67,102.31,102.4
1/12/2024,102.3,102.59,102.09,102.4
1/11/2024,102.3,102.76,102.16,102.29
1/10/2024,102.48,102.64,102.34,102.36
1/9/2024,102.22,102.66,102.11,102.57
1/8/2024,102.41,102.62,102.08,102.21
1/5/2024,102.39,103.1,101.91,102.41
1/4/2024,102.46,102.53,102.14,102.42
1/3/2024,102.15,102.73,102.08,102.49
1/2/2024,101.42,102.25,101.34,102.2
12/31/23,101.38,101.42,101.07,101.38
12/29/23,101.2,101.42,101.07,101.33
12/28/23,100.87,101.3,100.62,101.23
12/27/23,101.55,101.57,100.83,100.99
12/26/23,101.65,101.77,101.44,101.47
12/22/23,101.76,101.89,101.43,101.71
12/21/23,102.39,102.45,101.73,101.84
12/20/23,102.19,102.54,102.16,102.41
12/19/23,102.47,102.63,102.06,102.17
12/18/23,102.59,102.63,102.38,102.56
12/15/23,102.1,102.64,101.84,102.55
12/14/23,102.78,102.8,101.77,101.96
12/13/23,103.82,104.03,102.78,102.87
12/12/2023,104.03,104.1,103.49,103.86
12/11/2023,103.98,104.26,103.93,104.09
12/8/2023,103.64,104.26,103.44,104.01
12/7/2023,104.11,104.2,103.27,103.54
12/6/2023,103.99,104.23,103.87,104.15
12/5/2023,103.56,104.09,103.55,104.05
12/4/2023,103.18,103.85,103.06,103.71
12/1/2023,103.36,103.72,103.11,103.27
11/30/23,102.83,103.59,102.72,103.5
11/29/23,102.65,103.01,102.47,102.77
11/28/23,103.13,103.32,102.61,102.75
11/27/23,103.4,103.53,103.19,103.2
11/24/23,103.75,103.84,103.36,103.4
11/23/23,103.86,103.88,103.53,103.92
11/22/23,103.55,104.21,103.48,103.92
11/21/23,103.47,103.71,103.18,103.56
11/20/23,103.81,103.97,103.38,103.44
11/17/23,104.4,104.55,103.81,103.92
11/16/23,104.36,104.56,104.01,104.35
11/15/23,104.22,104.51,103.98,104.39
11/14/23,105.65,105.73,103.99,104.05
11/13/23,105.8,105.96,105.59,105.63
11/10/2023,105.93,106.01,105.74,105.86
11/9/2023,105.53,105.97,105.38,105.91
11/8/2023,105.54,105.87,105.45,105.59
11/7/2023,105.27,105.78,105.27,105.54
11/6/2023,105.09,105.29,104.85,105.22
11/3/2023,106.2,106.22,104.94,105.02
11/2/2023,106.5,106.51,105.81,106.12
11/1/2023,106.67,107.11,106.61,106.88
10/31/23,106.16,106.86,105.91,106.66
10/30/23,106.58,106.7,106.06,106.12
10/27/23,106.58,106.8,106.32,106.56
10/26/23,106.58,106.89,106.53,106.6
10/25/23,106.25,106.57,106.14,106.53
10/24/23,105.61,106.32,105.36,106.27
10/23/23,106.16,106.33,105.52,105.54
10/20/23,106.25,106.42,106.07,106.16
10/19/23,106.54,106.67,105.97,106.25
10/18/23,106.22,106.64,106.01,106.56
10/17/23,106.26,106.53,106.02,106.25
10/16/23,106.58,106.65,106.18,106.65
10/13/23,106.52,106.79,106.29,106.65
10/12/2023,105.67,106.6,105.53,106.6
10/11/2023,105.73,106.01,105.56,105.82
10/10/2023,106.03,106.25,105.66,105.83
10/9/2023,106.1,106.6,106.02,106.08
10/6/2023,106.36,106.97,105.95,106.04
10/5/2023,106.77,106.86,106.32,106.33
10/4/2023,107.06,107.24,106.51,106.8
10/3/2023,107.03,107.35,106.91,107
10/2/2023,106.17,107.03,106.04,106.9
09/29/23,106.15,106.24,105.66,106.22
09/28/23,106.68,106.75,106.02,106.22
09/27/23,106.22,106.84,106.17,106.67
09/26/23,105.94,106.26,105.86,106.23
09/25/23,105.57,106.1,105.52,106
09/22/23,105.38,105.78,105.32,105.58
09/21/23,105.44,105.74,105.28,105.36
09/20/23,105.11,105.44,104.67,105.2
09/19/23,105.08,105.21,104.81,105.2
09/18/23,105.3,105.36,105.02,105.2
09/15/23,105.38,105.41,105.08,105.32
09/14/23,104.74,105.44,104.56,105.41
09/13/23,104.58,104.97,104.51,104.77
9/12/2023,104.56,104.92,104.46,104.71
9/11/2023,105.06,104.94,104.42,104.57
9/8/2023,105.06,105.1,104.66,105.09
9/7/2023,104.86,105.16,104.8,105.06
9/6/2023,104.75,105.02,104.59,104.86
9/5/2023,104.13,104.91,104.11,104.81
9/4/2023,104.26,104.27,104.03,104.11
9/1/2023,103.62,104.29,103.27,104.24
08/31/23,103.1,103.74,103.01,103.62
08/30/23,103.44,103.7,102.94,103.16
08/29/23,103.92,104.36,103.36,103.53
08/28/23,104.17,104.21,103.97,104.06
08/25/23,104.09,104.45,103.74,103.98
08/24/23,103.36,104.03,103.27,103.98
08/23/23,103.58,103.98,103.3,103.56
08/22/23,103.33,103.72,103.01,103.3
08/21/23,103.43,103.5,103.14,103.3
08/18/23,103.4,103.68,103.22,103.57
08/17/23,103.47,103.6,103.06,103.57
08/16/23,103.21,103.53,102.94,103.43
08/15/23,103.15,103.27,102.82,103.21
08/14/23,102.84,103.46,102.77,103.19
8/11/2023,102.62,102.91,102.42,102.84
8/10/2023,102.48,102.65,101.78,102.52
8/9/2023,102.55,102.58,102.29,102.49
8/8/2023,102.07,102.8,102.06,102.53
8/7/2023,101.99,102.38,101.97,102.05
8/4/2023,102.45,102.62,101.74,102.02
8/3/2023,102.59,102.84,102.36,102.54
8/2/2023,101.96,102.78,101.96,102.59
8/1/2023,101.87,102.43,101.85,102.3
07/31/23,101.7,101.91,101.53,101.86
07/28/23,101.69,102.04,101.36,101.62
07/27/23,101.11,101.84,100.55,101.77
07/26/23,101.32,101.44,100.86,100.89
07/25/23,101.42,101.65,101.19,101.35
07/24/23,101.05,101.42,100.89,101.35
07/21/23,100.78,101.19,100.72,101.07
07/20/23,100.28,100.97,100.02,100.88
07/19/23,99.98,100.53,99.92,100.28
07/18/23,99.89,100.11,99.59,99.94
07/17/23,99.95,100.18,99.75,99.84
07/14/23,99.75,100.02,99.58,99.91
07/13/23,100.52,100.61,99.74,99.77
7/12/2023,101.59,101.61,100.51,100.52
7/11/2023,101.94,101.97,101.65,101.73
7/10/2023,102.29,102.56,101.95,101.97
7/7/2023,103.08,103.19,102.23,102.27
7/6/2023,103.35,103.57,102.92,103.17
7/5/2023,103.08,103.39,102.95,103.37
7/4/2023,102.97,103.11,102.88,103.04
7/3/2023,102.93,103.27,102.75,102.99
06/30/23,103.34,103.54,102.75,102.91
06/29/23,102.96,103.44,102.78,103.34
06/28/23,102.51,103.14,102.47,102.91
06/27/23,102.74,102.8,102.32,102.49
06/26/23,102.83,102.83,102.61,102.69
06/23/23,102.38,103.17,102.38,102.9
06/22/23,102.03,102.47,101.92,102.39
06/21/23,102.5,102.7,102.02,102.07
06/20/23,102.48,102.78,102.32,102.54
06/19/23,102.3,102.55,102.25,102.52
06/16/23,102.12,102.43,102.01,102.24
06/15/23,102.96,103.38,102.09,102.11
06/14/23,103.32,103.4,102.66,102.95
06/13/23,103.58,103.62,103.05,103.34
6/12/2023,103.55,103.76,103.24,103.65
6/9/2023,103.3,103.61,103.3,103.56
6/8/2023,104.07,104.07,103.3,103.34
6/7/2023,104.12,104.3,103.66,104.1
6/6/2023,104.01,104.37,103.82,104.13
6/5/2023,104.04,104.4,103.93,104
6/2/2023,103.56,104.09,103.38,104.02
6/1/2023,104.15,104.5,103.5,103.56
05/31/23,104.05,104.7,104.01,104.33
05/30/23,104.3,104.53,103.88,104.17
05/29/23,104.23,104.31,104.04,104.21
05/26/23,104.23,104.42,103.85,104.21
05/25/23,103.86,104.31,103.84,104.25
05/24/23,103.54,103.91,103.35,103.89
05/23/23,103.27,103.65,103.16,103.49
05/22/23,103.19,103.37,102.96,103.2
05/19/23,103.51,103.62,103,103.2
05/18/23,102.91,103.62,102.8,103.58
05/17/23,102.61,103.11,102.54,102.88
05/16/23,102.43,102.69,102.2,102.56
05/15/23,102.67,102.75,102.38,102.43
5/12/2023,102.09,102.71,101.94,102.68
5/11/2023,101.41,102.15,101.3,102.06
5/10/2023,101.62,101.81,101.22,101.48
5/9/2023,101.4,101.83,101.36,101.61
5/8/2023,101.26,101.42,101.04,101.38
5/5/2023,101.34,101.78,101.12,101.21
5/4/2023,101.2,101.64,101.03,101.4
5/3/2023,101.86,101.92,101.07,101.34
5/2/2023,102.14,102.4,101.88,101.96
5/1/2023,101.67,102.19,101.62,102.15
04/28/23,101.47,102.17,101.42,101.66
04/27/23,101.4,101.8,101.28,101.5
04/26/23,101.81,101.89,101.01,101.47
04/25/23,101.26,101.95,101.2,101.86
04/24/23,101.72,101.91,101.32,101.35
04/21/23,101.8,102.12,101.65,101.82
04/20/23,101.99,102.13,101.63,101.84
04/19/23,101.7,102.23,101.66,101.97
04/18/23,102.1,102.14,101.64,101.75
04/17/23,101.57,102.23,101.53,102.1
04/14/23,101,101.75,100.79,101.55
04/13/23,101.47,101.6,100.85,101.01
4/12/2023,102.13,102.16,101.45,101.5
4/11/2023,102.52,102.52,102.01,102.2
4/10/2023,102.09,102.81,101.99,102.58
4/7/2023,101.94,102.3,101.88,102.09
4/6/2023,101.83,102.14,101.75,101.82
4/5/2023,101.52,101.99,101.42,101.85
4/4/2023,102.01,102.28,101.46,101.59
4/3/2023,102.63,103.06,101.98,102.09
03/31/23,102.2,102.63,102.05,102.51
03/30/23,102.62,102.78,102.07,102.14
03/29/23,102.49,102.79,102.37,102.64
03/28/23,102.75,102.76,102.38,102.43
03/27/23,103.08,103.23,102.83,102.86
03/24/23,102.6,103.36,102.5,103.12
03/23/23,102.5,102.64,101.92,102.53
03/22/23,103.19,103.27,102.06,102.35
03/21/23,103.31,103.52,103,103.26
03/20/23,103.66,103.96,103.28,103.28
03/17/23,104.41,104.44,103.69,103.71
03/16/23,104.62,104.74,104.2,104.42
03/15/23,103.74,105.1,103.44,104.65
03/14/23,103.67,104.05,103.5,103.6
03/13/23,104.17,104.39,103.48,103.59
3/10/2023,105.13,105.35,104.04,104.58
3/9/2023,105.62,105.73,105.15,105.31
3/8/2023,105.67,105.88,105.36,105.66
3/7/2023,104.3,105.65,104.12,105.61
3/6/2023,104.53,104.69,104.16,104.35
3/3/2023,104.94,105,104.48,104.52
3/2/2023,104.39,105.18,104.39,105.03
3/1/2023,105.04,105.09,104.09,104.48
02/28/23,104.63,105,104.42,104.87
02/27/23,105.23,105.36,104.55,104.67
02/24/23,104.56,105.32,104.42,105.21
02/23/23,104.5,104.78,104.31,104.6
02/22/23,104.13,104.59,104.01,104.58
02/21/23,103.91,104.26,103.77,104.18
02/20/23,103.91,104.09,103.76,103.88
02/17/23,104.2,104.67,103.84,103.86
02/16/23,103.88,104.23,103.53,103.86
02/15/23,103.21,104.11,103.16,103.92
02/14/23,103.22,103.52,102.59,103.23
02/13/23,103.58,103.84,103.24,103.34
2/10/2023,103.25,103.68,102.9,103.63
2/9/2023,103.43,103.55,102.64,103.22
2/8/2023,103.27,103.52,103,103.41
2/7/2023,103.54,103.96,103,103.43
2/6/2023,102.99,103.77,103.01,103.62
2/3/2023,101.83,103.01,101.55,102.92
2/2/2023,100.85,101.91,100.82,101.75
2/1/2023,102.09,102.19,101.04,101.22
01/31/23,102.19,102.61,102.01,102.1
01/30/23,101.92,102.31,101.66,102.28
01/27/23,101.72,102.19,101.68,101.93
01/26/23,101.58,102.18,101.5,101.84
01/25/23,102,102.12,101.58,101.64
01/24/23,101.99,102.43,101.72,101.92
01/23/23,101.99,102.28,101.59,102.14
01/20/23,102.08,102.55,101.94,102.01
01/19/23,102.38,102.48,101.99,102.06
01/18/23,102.47,102.9,101.53,102.36
01/17/23,102.32,102.56,101.94,102.39
01/16/23,102.18,102.56,101.77,102.2
01/13/23,102.21,102.65,101.99,102.2
1/12/2023,103.06,103.29,102.08,102.25
1/11/2023,103.22,103.48,103.11,103.19
1/10/2023,103.29,103.49,103.03,103.24
1/9/2023,103.91,103.94,102.94,103
1/6/2023,105.05,105.63,103.87,103.88
1/5/2023,104.07,105.27,103.98,105.04
1/4/2023,104.58,104.6,103.83,104.25
1/3/2023,103.66,104.86,103.47,104.52
1/1/2023,103.49,104.1,103.39,103.49
12/30/22,103.95,104.1,103.39,103.52
12/29/22,104.37,104.45,103.78,103.84
12/28/22,104.33,104.56,103.85,104.46
12/27/22,104.12,104.4,103.89,104.18
12/23/22,104.39,104.54,104.12,104.33
12/22/22,104.22,104.6,103.75,104.43
12/21/22,103.95,104.38,103.85,104.16
12/20/22,104.73,104.79,103.78,103.97
12/19/22,104.84,104.93,104.13,104.72
12/16/22,104.45,104.84,104.21,104.7
12/15/22,103.67,104.88,103.54,104.56
12/14/22,104.07,104.16,103.45,103.77
12/13/22,104.99,105.09,103.59,103.98
12/12/2022,104.93,105.25,104.67,105.13
12/9/2022,104.86,105.14,104.48,104.81
12/8/2022,105.2,105.43,104.72,104.77
12/7/2022,105.63,105.82,104.88,105.1
12/6/2022,105.16,105.63,104.89,105.58
12/5/2022,104.51,105.4,104.11,105.29
12/2/2022,104.82,105.58,104.38,104.55
12/1/2022,105.7,105.9,104.66,104.73
11/30/22,106.72,107.19,105.78,105.95
11/29/22,106.57,106.88,106.06,106.82
11/28/22,106.06,106.75,105.32,106.68
11/25/22,105.95,106.42,105.69,105.96
11/24/22,105.99,106.07,105.63,106.08
11/23/22,107.08,107.22,106.03,106.08
11/22/22,107.7,107.75,107.12,107.22
11/21/22,106.97,107.99,106.89,107.83
11/18/22,106.69,107.04,106.34,106.93
11/17/22,106.27,107.24,106.1,106.69
11/16/22,106.58,106.78,105.86,106.28
11/15/22,107,107.1,105.34,106.4
11/14/22,106.81,107.27,106.48,106.66
11/11/2022,108.23,108.44,106.28,106.29
11/10/2022,110.3,110.99,107.71,108.21
11/9/2022,109.65,110.64,109.45,110.55
11/8/2022,110.06,110.61,109.37,109.64
11/7/2022,111.17,111.27,110.05,110.12
11/4/2022,112.97,112.99,110.72,110.88
11/3/2022,112.17,113.15,111.82,112.93
11/2/2022,111.53,112.15,110.43,111.34
11/1/2022,111.52,111.78,110.72,111.48
10/31/22,110.67,111.67,110.72,111.53
10/28/22,110.5,111.04,110.29,110.75
10/27/22,109.62,110.62,109.53,110.59
10/26/22,110.96,111.14,109.63,109.7
10/25/22,111.82,112.13,110.76,110.95
10/24/22,111.88,112.53,111.47,111.99
10/21/22,112.94,113.94,111.7,112.01
10/20/22,112.99,113.09,112.17,112.88
10/19/22,111.91,113.09,111.92,112.98
10/18/22,112.07,112.45,111.77,112.13
10/17/22,113.22,113.22,111.92,112.04
10/14/22,112.47,113.42,112.16,113.31
10/13/22,113.24,113.92,112.15,112.36
10/12/2022,113.31,113.59,113.05,113.32
10/11/2022,113.08,113.5,112.41,113.22
10/10/2022,112.84,113.33,112.62,113.14
10/7/2022,112.25,112.88,111.95,112.8
10/6/2022,111.02,112.31,110.78,112.26
10/5/2022,110.22,111.73,110.09,110.06
10/4/2022,111.59,111.89,110.06,110.06
10/3/2022,112.17,112.54,111.47,111.75
09/30/22,111.75,112.67,111.58,112.12
09/29/22,113.01,113.79,111.77,112.25
09/28/22,114.19,114.78,112.56,112.6
09/27/22,114.02,114.02,114.1,114.1
09/26/22,113.02,114.53,112.94,114.1
09/23/22,111.24,113.23,111.08,113.19
09/22/22,111.48,111.81,110.46,111.35
09/21/22,110.16,111.58,110.13,110.64
09/20/22,109.58,110.29,109.36,110.22
09/19/22,109.64,110.17,109.49,109.74
09/16/22,109.8,110.26,109.47,109.76
09/15/22,109.61,109.66,109.61,109.66
09/14/22,109.97,109.93,109.28,109.66
09/13/22,108.23,110.01,107.68,109.81
9/12/2022,108.6,108.86,107.81,108.33
9/9/2022,109.58,109.54,108.36,109
9/8/2022,109.67,110.24,109.33,109.71
9/7/2022,110.32,110.79,109.53,109.84
9/6/2022,109.6,110.55,109.38,110.21
9/5/2022,109.61,110.27,109.72,109.83
9/2/2022,109.64,109.72,108.93,109.53
9/1/2022,108.84,109.98,108.77,109.69
08/31/22,108.75,109.2,108.38,108.7
08/30/22,108.7,109.11,108.29,108.77
08/29/22,108.88,109.48,108.49,108.83
08/26/22,108.47,108.87,107.59,108.8
08/25/22,108.63,108.69,107.99,108.47
08/24/22,108.52,109.11,108.36,108.68
08/23/22,109,109.27,108.08,108.62
08/22/22,108.09,109.1,108.08,109.05
08/19/22,107.5,108.22,107.47,108.17
08/18/22,106.67,107.56,106.5,107.48
08/17/22,106.45,106.89,106.31,106.57
08/16/22,106.48,106.94,106.32,106.5
08/15/22,105.66,106.55,105.55,106.55
8/12/2022,105.16,105.88,105.09,105.63
8/11/2022,105.21,105.46,104.65,105.09
8/10/2022,106.34,106.4,104.64,105.2
8/9/2022,106.33,106.41,105.97,106.37
8/8/2022,106.6,106.8,106.09,106.44
8/5/2022,105.72,106.93,105.69,106.62
8/4/2022,106.48,106.51,105.67,105.69
8/3/2022,106.43,106.82,105.97,106.51
8/2/2022,105.36,106.35,105.05,106.24
8/1/2022,105.88,106.03,105.24,105.45
07/29/22,106.21,106.66,105.54,105.9
07/28/22,106.37,106.97,106.06,106.35
07/27/22,107.13,107.43,106.26,106.45
07/26/22,106.45,107.28,106.2,107.19
07/25/22,106.59,107.36,106.11,106.73
07/22/22,106.59,107.36,106.11,106.73
07/21/22,107.08,107.32,106.42,106.91
07/20/22,106.67,107.25,106.39,107.08
07/19/22,107.49,107.63,106.4,106.68
07/18/22,108.01,108.04,106.89,107.37
07/15/22,108.67,108.71,107.91,108.06
07/14/22,108.14,109.29,108.2,108.54
07/13/22,108.19,108.58,107.48,107.96
7/12/2022,108.18,108.56,107.84,108.07
7/11/2022,106.93,108.27,106.92,108.02
7/8/2022,107.04,107.79,106.81,107.01
7/7/2022,107.07,107.23,106.71,107.13
7/6/2022,106.49,107.26,106.36,107.1
7/5/2022,105.14,106.79,105.05,106.53
7/4/2022,105.14,105.25,104.81,105.14
7/1/2022,104.78,105.64,104.74,105.14
06/30/22,105.06,105.54,104.64,104.69
06/29/22,104.46,105.15,104.36,105.11
06/28/22,103.97,104.61,103.77,104.51
06/27/22,104.12,104.21,103.67,103.94
06/24/22,104.38,104.51,103.95,104.19
06/23/22,104.21,104.77,104.06,104.43
06/22/22,104.43,104.95,103.86,104.2
06/21/22,104.44,104.54,103.94,104.44
06/20/22,104.65,104.82,104.23,104.7
06/17/22,103.88,105.08,103.83,104.7
06/16/22,104.9,105.49,103.42,103.63
06/15/22,105.35,105.79,104.66,105.16
06/14/22,105.19,105.65,104.62,105.52
06/13/22,104.21,105.28,104.21,105.08
6/10/2022,103.34,104.23,103.05,104.15
6/9/2022,102.56,103.37,102.15,103.22
6/8/2022,102.39,102.78,102.27,102.54
6/7/2022,102.49,102.84,102.26,102.32
6/6/2022,102.16,102.47,101.85,102.44
6/3/2022,101.75,102.22,101.64,102.14
6/2/2022,102.55,102.62,101.74,101.82
6/1/2022,101.76,102.73,101.74,102.5
05/31/22,101.44,102.17,101.41,101.75
05/30/22,101.66,101.72,101.3,101.67
05/27/22,101.72,101.94,101.43,101.67
05/26/22,102.02,102.27,101.74,101.83
05/25/22,101.77,102.45,101.73,102.06
05/24/22,102.11,102.32,101.65,101.86
05/23/22,103.04,103.05,102.04,102.08
05/20/22,102.9,103.26,102.77,103.15
05/19/22,103.83,103.88,102.66,102.72
05/18/22,103.34,103.93,103.19,103.81
05/17/22,104.17,104.23,103.23,103.36
05/16/22,104.47,104.64,104.14,104.19
05/13/22,104.77,105,104.47,104.56
5/12/2022,104.01,104.92,103.88,104.85
5/11/2022,103.9,104.11,103.37,103.85
5/10/2022,103.73,103.98,103.5,103.92
5/9/2022,103.66,104.19,103.39,103.65
5/6/2022,103.56,104.06,103.19,103.66
5/5/2022,102.68,103.94,102.35,103.75
5/4/2022,103.46,103.61,102.46,102.59
5/3/2022,103.6,103.67,103.03,103.47
5/2/2022,103.18,103.75,103.11,103.74
04/29/22,103.67,103.67,102.82,102.96
04/28/22,103.04,103.93,102.98,103.62
04/27/22,102.28,103.28,102.22,102.95
04/26/22,101.73,101.75,101.73,101.75
04/25/22,101.06,101.86,101.04,101.75
04/22/22,100.62,101.33,100.47,101.22
04/21/22,100.35,100.64,99.82,100.58
04/20/22,100.98,101.03,100.22,100.39
04/19/22,100.83,101.03,100.7,100.96
04/18/22,100.5,100.86,100.46,100.78
04/15/22,100.42,100.57,100.4,100.5
04/14/22,99.79,100.76,99.57,100.32
04/13/22,100.34,100.52,99.83,99.88
4/12/2022,100.03,100.33,99.74,100.29
4/11/2022,99.84,100.05,99.61,99.93
4/8/2022,99.82,100.19,99.74,99.8
4/7/2022,99.65,99.83,99.4,99.75
4/6/2022,99.47,99.77,99.31,99.6
4/5/2022,99,99.52,98.84,99.47
4/4/2022,98.57,99.08,98.52,99
4/1/2022,98.33,98.74,98.31,98.63
03/31/22,97.83,98.4,97.69,98.31
03/30/22,98.37,98.43,97.69,97.79
03/29/22,99.08,99.3,98.04,98.4
03/28/22,98.8,99.37,98.8,99.09
03/25/22,98.75,98.83,98.4,98.79
03/24/22,98.64,98.96,98.59,98.79
03/23/22,98.47,98.88,98.39,98.62
03/22/22,98.49,98.97,98.32,98.49
03/21/22,98.24,98.53,98.16,98.5
03/18/22,98,98.62,97.84,98.23
03/17/22,98.5,98.51,97.73,97.97
03/16/22,98.89,99.08,98.3,98.62
03/15/22,99.13,99.2,98.64,99.1
03/14/22,99.08,99.29,98.68,99
3/11/2022,98.36,99.16,98.27,99.12
3/10/2022,98.06,98.6,97.71,98.51
3/9/2022,99.12,99.11,97.85,97.97
3/8/2022,99.24,99.32,98.71,99.06
3/7/2022,98.57,99.42,98.57,99.29
3/4/2022,98.04,98.92,97.84,98.65
3/3/2022,97.47,97.95,97.43,97.78
3/2/2022,97.37,97.83,97.29,97.39
3/1/2022,96.77,97.58,96.63,97.41
02/28/22,97.25,97.42,96.61,96.71
02/25/22,97,97.22,96.52,96.61
02/24/22,96.22,97.73,96.28,97.14
02/23/22,96.04,96.24,95.85,96.19
02/22/22,96.08,96.26,95.84,96.03
02/21/22,96.11,96.15,95.69,96.12
02/18/22,95.83,96.17,95.73,96.04
02/17/22,95.77,96.11,95.71,95.8
02/16/22,96.01,96.06,95.68,95.7
02/15/22,96.24,96.29,95.96,95.99
02/14/22,96.05,96.44,95.91,96.37
2/11/2022,95.94,96.11,95.64,96.08
2/10/2022,95.57,96,95.17,95.55
2/9/2022,95.59,95.67,95.38,95.49
2/8/2022,95.43,95.75,95.4,95.64
2/7/2022,95.44,95.63,95.35,95.4
2/4/2022,95.31,95.7,95.14,95.48
2/3/2022,96.02,96.25,95.24,95.38
2/2/2022,96.27,96.3,95.81,95.94
2/1/2022,96.7,96.72,96.23,96.39
01/31/22,97.25,97.3,96.52,96.54
01/28/22,97.25,97.44,97.06,97.27
01/27/22,96.55,97.29,96.53,97.25
01/26/22,95.96,96.54,95.91,95.95
01/25/22,95.93,96.27,95.9,95.95
01/24/22,95.64,96.13,95.63,95.92
01/21/22,95.81,95.84,95.5,95.64
01/20/22,95.59,95.86,95.42,95.73
01/19/22,95.77,95.79,95.49,95.51
01/18/22,95.22,95.83,95.13,95.73
01/17/22,95.15,95.35,95.04,95.26
01/14/22,94.87,95.27,94.63,95.17
01/13/22,94.99,95.02,94.66,94.79
1/12/2022,95.58,95.69,94.91,94.92
1/11/2022,95.93,96.07,95.58,95.62
1/10/2022,95.74,96.23,95.75,95.99
1/7/2022,96.26,96.3,95.71,95.72
1/6/2022,96.2,96.39,96.03,96.32
1/5/2022,96.31,96.33,95.89,96.17
1/4/2022,96.19,96.46,96.03,96.26
1/3/2022,95.65,96.33,95.63,96.21
12/31/21,95.99,96.11,95.57,95.97
12/30/21,95.89,96.22,95.86,95.97
12/29/21,96.15,96.39,95.76,95.93
12/28/21,96.06,96.28,96,96.2
12/27/21,96.15,96.26,96.05,96.09
12/24/21,96.03,96.28,95.99,96.02
12/23/21,96.03,96.28,95.99,96.06
12/22/21,96.47,96.6,96.02,96.08
12/21/21,96.54,96.64,96.34,96.49
12/20/21,96.67,96.69,96.33,96.55
12/17/21,96,96.69,95.88,96.56
12/16/21,96.43,96.45,95.85,96.04
12/15/21,96.55,96.91,96.3,96.51
12/14/21,96.35,96.59,96.1,96.57
12/13/21,96.09,96.44,96.05,96.32
12/10/2021,96.22,96.43,95.98,96.1
12/9/2021,95.96,96.34,95.97,96.27
12/8/2021,96.26,96.38,95.85,95.89
12/7/2021,96.3,96.59,96.17,96.37
12/6/2021,96.16,96.43,96.13,96.33
12/3/2021,96.12,96.45,95.97,96.12
12/2/2021,96.07,96.17,95.83,96.16
12/1/2021,95.94,96.14,95.67,96.03
11/30/21,96.22,96.64,95.52,95.99
11/29/21,96.16,96.44,96.14,96.34
11/26/21,96.72,96.77,95.75,96.09
11/25/21,96.81,96.82,96.65,96.77
11/24/21,96.53,96.94,96.44,96.88
11/23/21,96.46,96.61,96.31,96.49
11/22/21,96.04,96.55,96.04,96.55
11/19/21,95.58,96.24,95.58,96.03
11/18/21,95.8,95.84,95.52,95.54
11/17/21,95.94,96.24,95.73,95.83
11/16/21,95.47,95.98,95.4,95.92
11/15/21,95.12,95.59,94.97,95.41
11/12/2021,95.18,95.27,95,95.13
11/11/2021,94.84,95.2,94.84,95.18
11/10/2021,93.98,94.9,93.97,94.85
11/9/2021,94.09,94.15,93.88,93.95
11/8/2021,94.25,94.38,93.99,94.05
11/5/2021,94.34,94.62,94.19,94.32
11/4/2021,93.86,94.47,93.83,94.35
11/3/2021,94.12,94.21,93.82,93.86
11/2/2021,93.93,94.13,93.82,94.09
11/1/2021,94.14,94.31,93.86,93.88
10/29/21,93.36,94.3,93.32,94.12
10/28/21,93.88,93.97,93.28,93.34
10/27/21,93.97,94.01,93.69,93.8
10/26/21,93.97,93.97,93.89,93.95
10/25/21,93.66,93.96,93.48,93.81
10/22/21,93.75,93.79,93.54,93.64
10/21/21,93.58,93.79,93.5,93.77
10/20/21,93.81,93.88,93.54,93.56
10/19/21,93.95,93.95,93.5,93.73
10/18/21,93.95,94.17,93.87,93.95
10/15/21,94.03,94.03,93.96,93.96
10/14/21,94.02,94.08,94.02,94.08
10/13/21,94.52,94.53,94,94.08
10/12/2021,94.37,94.56,94.23,94.52
10/11/2021,94.1,94.4,94.03,94.32
10/8/2021,94.21,94.34,93.94,94.07
10/7/2021,94.23,94.28,94.08,94.22
10/6/2021,93.99,94.45,93.98,94.27
10/5/2021,93.83,94.06,93.81,93.97
10/4/2021,94.05,94.1,93.68,93.78
10/1/2021,94.31,94.39,93.99,94.03
09/30/21,94.35,94.5,94.11,94.23
09/29/21,93.72,94.43,93.67,94.34
09/28/21,93.41,93.81,93.36,93.77
09/27/21,93.28,93.49,93.21,93.38
09/24/21,93.07,93.42,93.05,93.33
09/23/21,93.48,93.52,92.98,93.46
09/22/21,93.22,93.51,92.99,93.46
09/21/21,93.24,93.28,93.05,93.2
09/20/21,93.25,93.45,93.19,93.28
09/17/21,92.88,93.25,92.77,93.19
09/16/21,92.46,92.96,92.46,92.93
09/15/21,92.68,92.68,92.42,92.55
09/14/21,92.62,92.68,92.32,92.62
09/13/21,92.61,92.89,92.57,92.67
9/10/2021,92.53,92.65,92.33,92.58
9/9/2021,92.71,92.76,92.38,92.48
9/8/2021,92.54,92.86,92.47,92.65
9/7/2021,92.2,92.57,92.1,92.51
9/6/2021,92.13,92.31,92.09,92.22
9/3/2021,92.22,92.26,91.95,92.03
9/2/2021,92.51,92.53,92.21,92.22
9/1/2021,92.66,92.79,92.38,92.45
08/31/21,92.7,92.75,92.4,92.63
08/30/21,92.7,92.79,92.6,92.65
08/27/21,93.03,93.18,92.63,92.69
08/26/21,92.83,93.08,92.81,93.06
08/25/21,92.88,93.13,92.81,92.83
08/24/21,92.99,93.08,92.81,92.89
08/23/21,93.48,93.5,92.95,92.96
08/20/21,93.56,93.73,93.43,93.5
08/19/21,93.14,93.58,93.17,93.57
08/18/21,93.14,93.26,92.96,93.14
08/17/21,92.62,93.17,92.61,93.13
08/16/21,92.53,92.66,92.48,92.63
08/13/21,92.97,93.01,92.47,92.52
8/12/2021,92.89,93.03,92.85,93.03
8/11/2021,93.07,93.19,92.8,92.92
8/10/2021,92.98,93.14,92.94,93.06
8/9/2021,92.78,92.99,92.72,92.94
8/6/2021,92.27,92.84,92.26,92.8
8/5/2021,92.28,92.35,92.11,92.24
8/4/2021,92.04,92.31,91.82,92.27
8/3/2021,92.06,92.16,91.89,92.08
8/2/2021,92.09,92.17,91.91,92.05
07/30/21,91.85,92.2,91.78,92.17
07/29/21,92.27,92.29,91.86,91.86
07/28/21,92.46,92.75,92.23,92.32
07/27/21,92.63,92.84,92.32,92.43
07/26/21,92.91,92.96,92.53,92.65
07/23/21,92.81,93.02,92.78,92.91
07/22/21,92.8,92.92,92.51,92.82
07/21/21,92.97,93.19,92.73,92.75
07/20/21,92.88,93.17,92.8,92.97
07/19/21,92.69,93.04,92.64,92.89
07/16/21,92.59,92.76,92.53,92.69
07/15/21,92.39,92.69,92.27,92.62
07/14/21,92.8,92.83,92.35,92.41
07/13/21,92.23,92.81,92.14,92.75
7/12/2021,92.13,92.42,92.08,92.26
7/9/2021,92.36,92.54,92.09,92.13
7/8/2021,92.7,92.79,92.24,92.42
7/7/2021,92.53,92.84,92.42,92.64
7/6/2021,92.24,92.66,92,92.55
7/5/2021,92.23,92.36,92.14,92.21
7/2/2021,92.57,92.74,92.18,92.23
7/1/2021,92.35,92.6,92.26,92.6
06/30/21,92.08,92.45,92,92.44
06/29/21,91.88,92.19,91.86,92.05
06/28/21,91.8,92.02,91.7,91.89
06/25/21,91.83,91.88,91.53,91.85
06/24/21,91.8,91.91,91.66,91.81
06/23/21,91.73,91.9,91.51,91.8
06/22/21,91.88,92.14,91.64,91.76
06/21/21,92.31,92.37,91.83,91.9
06/18/21,91.88,92.41,91.81,92.22
06/17/21,91.42,92.01,91.31,91.89
06/16/21,90.54,91.4,90.44,91.13
06/15/21,90.48,90.67,90.35,90.54
06/14/21,90.5,90.6,90.41,90.52
6/11/2021,90.07,90.61,89.96,90.56
6/10/2021,90.14,90.31,89.98,90.08
6/9/2021,90.13,90.17,89.84,90.12
6/8/2021,89.98,90.18,89.95,90.08
6/7/2021,90.13,90.3,89.91,89.95
6/4/2021,90.47,90.63,90.03,90.14
6/3/2021,89.93,90.55,89.89,90.51
6/2/2021,89.92,90.25,89.86,89.91
6/1/2021,89.81,89.94,89.66,89.83
05/31/21,90.03,90.12,89.82,90.03
05/28/21,90.03,90.44,89.98,90.03
05/27/21,90.08,90.18,89.89,89.97
05/26/21,89.69,90.11,89.59,90.04
05/25/21,89.85,89.87,89.53,89.64
05/24/21,90.03,90.1,89.76,89.84
05/21/21,89.78,90.15,89.65,90.02
05/20/21,90.21,90.23,89.75,89.81
05/19/21,89.78,90.29,89.69,90.19
05/18/21,90.18,90.2,89.69,89.75
05/17/21,90.3,90.43,90.15,90.16
05/14/21,90.76,90.8,90.28,90.32
05/13/21,90.75,90.91,90.59,90.75
5/12/2021,90.19,90.8,90.16,90.71
5/11/2021,90.24,90.36,89.98,90.14
5/10/2021,90.21,90.34,90.04,90.21
5/7/2021,90.88,90.96,90.19,90.23
5/6/2021,91.27,91.38,90.88,90.95
5/5/2021,91.28,91.44,91.17,91.31
5/4/2021,91,91.4,90.99,91.29
5/3/2021,91.3,91.39,90.87,90.94
04/30/21,90.63,91.32,90.59,91.28
04/29/21,90.55,90.79,90.42,90.61
04/28/21,90.9,91.13,90.55,90.61
04/27/21,90.88,91.07,90.81,90.91
04/26/21,90.86,90.99,90.68,90.81
04/23/21,91.29,91.3,90.81,90.86
04/22/21,91.11,91.42,91,91.33
04/21/21,91.21,91.43,91.09,91.16
04/20/21,91.05,91.28,90.86,91.24
04/19/21,91.58,91.75,91.03,91.07
04/16/21,91.66,91.81,91.49,91.56
04/15/21,91.63,91.75,91.49,91.69
04/14/21,91.83,91.83,91.57,91.69
04/13/21,92.08,92.33,91.79,91.85
4/12/2021,92.18,92.33,92.01,92.14
4/9/2021,92.07,92.41,92.03,92.16
4/8/2021,92.42,92.48,92,92.06
4/7/2021,92.32,92.5,92.14,92.45
4/6/2021,92.57,92.79,92.27,92.33
4/5/2021,93.01,93.11,92.54,92.59
4/2/2021,92.89,93.07,92.83,93.01
4/1/2021,93.22,93.34,92.88,92.93
03/31/21,93.24,93.44,92.99,93.23
03/30/21,92.91,93.35,92.88,93.3
03/29/21,92.74,92.96,92.72,92.94
03/26/21,92.81,92.87,92.64,92.77
03/25/21,92.6,92.92,92.51,92.53
03/24/21,92.39,92.61,92.34,92.53
03/23/21,91.8,92.39,91.76,92.34
03/22/21,91.74,92.15,91.71,91.74
03/19/21,91.83,92.17,91.66,91.92
03/18/21,91.4,91.9,91.3,91.86
03/17/21,91.86,92,91.37,91.44
03/16/21,91.83,92.03,91.68,91.86
03/15/21,91.68,91.97,91.54,91.83
3/12/2021,91.43,91.96,91.4,91.68
3/11/2021,91.79,91.88,91.36,91.42
3/10/2021,92.05,92.24,91.77,91.82
3/9/2021,92.46,92.5,91.91,91.96
3/8/2021,91.94,92.42,91.84,92.31
3/5/2021,91.66,92.19,91.62,91.98
3/4/2021,91.01,91.67,90.97,91.63
3/3/2021,90.79,91.06,90.63,90.95
3/2/2021,91.03,91.39,90.72,90.78
3/1/2021,90.93,91.14,90.69,91.04
02/26/21,90.36,90.97,90.13,90.88
02/25/21,90.07,90.29,89.68,90.13
02/24/21,90.1,90.43,89.98,90.18
02/23/21,90.02,90.26,89.94,90.17
02/22/21,90.32,90.58,90,90.01
02/19/21,90.57,90.65,90.18,90.36
02/18/21,90.9,90.98,90.54,90.59
02/17/21,90.71,91.06,90.62,90.95
02/16/21,90.29,90.65,90.12,90.51
02/15/21,90.42,90.47,90.27,90.37
2/12/2021,90.41,90.74,90.38,90.48
2/11/2021,90.46,90.47,90.26,90.42
2/10/2021,90.49,90.53,90.25,90.37
2/9/2021,90.91,90.93,90.43,90.44
2/8/2021,91.03,91.23,90.9,90.93
2/5/2021,91.49,91.49,91.04,91.04
2/4/2021,91.09,91.58,91.08,91.53
2/3/2021,91.05,91.31,90.99,91.17
2/2/2021,91,91.29,90.8,91.2
2/1/2021,90.53,91.06,90.5,90.98
01/29/21,90.56,90.78,90.36,90.58
01/28/21,90.73,90.86,90.41,90.45
01/27/21,90.15,90.88,90.15,90.65
01/26/21,90.39,90.61,90.12,90.17
01/25/21,90.24,90.52,90.08,90.39
01/22/21,90.05,90.31,90.05,90.24
01/21/21,90.42,90.45,90.05,90.13
01/20/21,90.41,90.7,90.28,90.47
01/19/21,90.73,90.76,90.4,90.5
01/18/21,90.76,90.95,90.71,90.77
01/15/21,90.22,90.8,90.22,90.77
01/14/21,90.28,90.58,90.08,90.24
01/13/21,90,90.45,89.92,90.36
1/12/2021,90.52,90.62,90.03,90.09
1/11/2021,90.03,90.73,90.03,90.47
1/8/2021,89.83,90.25,89.66,90.1
1/7/2021,89.32,89.97,89.32,89.83
1/6/2021,89.48,89.8,89.21,89.53
1/5/2021,89.9,89.9,89.43,89.44
1/4/2021,89.93,89.94,89.42,89.87
12/31/20,89.93,89.93,89.93,89.93
12/30/20,89.98,89.98,89.56,89.68
12/29/20,90.21,90.23,89.85,89.99
12/28/20,90.22,90.38,89.98,90.34
12/25/20,90.33,90.42,90.22,90.22
12/24/20,90.28,90.38,90.15,90.32
12/23/20,90.52,90.67,90.16,90.41
12/22/20,90.09,90.72,90.06,90.65
12/21/20,90.15,91.02,89.92,90.04
12/18/20,89.83,90.13,89.83,90.02
12/17/20,90.27,90.27,89.73,89.82
12/16/20,90.49,90.7,90.13,90.45
12/15/20,90.69,90.82,90.42,90.47
12/14/20,90.76,90.98,90.42,90.71
12/11/2020,90.74,91.04,90.62,90.98
12/10/2020,91.06,91.15,90.67,90.82
12/9/2020,90.92,91.2,90.69,91.09
12/8/2020,90.9,91.02,90.75,90.97
12/7/2020,90.79,91.24,90.62,90.79
12/4/2020,90.71,90.87,90.48,90.7
12/3/2020,91.06,91.09,90.51,90.71
12/2/2020,91.19,91.5,90.99,91.12
12/1/2020,91.94,91.94,91.16,91.31
11/30/20,91.78,92.05,91.51,91.87
11/27/20,92.02,92.05,91.76,91.79
11/26/20,91.95,92.17,91.84,91.99
11/25/20,92.11,92.26,91.93,91.99
11/24/20,92.53,92.56,92.13,92.23
11/23/20,92.37,92.8,92.02,92.5
11/20/20,92.34,92.43,92.21,92.39
11/19/20,92.56,92.72,92.24,92.29
11/18/20,92.44,92.51,92.21,92.32
11/17/20,92.49,92.61,92.27,92.42
11/16/20,92.72,92.84,92.46,92.64
11/13/20,92.95,93,92.71,92.75
11/12/2020,93.01,93.14,92.78,92.96
11/11/2020,92.7,93.21,92.61,93.04
11/10/2020,92.76,92.97,92.6,92.75
11/9/2020,92.23,92.96,92.13,92.72
11/6/2020,92.57,92.82,92.18,92.23
11/5/2020,93.34,93.55,92.48,92.53
11/4/2020,93.09,94.3,93.09,93.41
11/3/2020,94.05,94.05,93.29,93.55
11/2/2020,93.89,94.28,93.89,94.13
10/30/20,93.92,94.08,93.65,94.04
10/29/20,93.46,94.1,93.33,93.95
10/28/20,93.15,93.64,93.05,93.41
10/27/20,93.07,93.13,92.79,92.94
10/26/20,92.76,93.11,92.74,93.05
10/23/20,92.93,93.13,92.66,92.77
10/22/20,92.67,92.97,92.61,92.95
10/21/20,93.05,93.07,92.47,92.61
10/20/20,93.42,93.5,93,93.07
10/19/20,93.7,93.77,93.21,93.43
10/16/20,93.8,93.88,93.53,93.68
10/15/20,93.43,93.9,93.37,93.86
10/14/20,93.54,93.67,93.25,93.38
10/13/20,93.03,93.6,93.03,93.53
10/12/2020,93.06,93.24,93.01,93.06
10/9/2020,93.56,93.59,93,93.06
10/8/2020,93.61,93.78,93.5,93.61
10/7/2020,93.83,93.9,93.56,93.63
10/6/2020,93.44,93.85,93.33,93.69
10/5/2020,93.87,93.87,93.37,93.51
10/2/2020,93.73,94.03,93.69,93.84
10/1/2020,93.8,93.92,93.53,93.71
09/30/20,93.85,94.19,93.67,93.89
09/29/20,94.24,94.3,93.82,93.89
09/28/20,94.6,94.64,94.15,94.28
09/25/20,94.32,94.74,94.19,94.64
09/24/20,94.38,94.59,94.2,94.35
09/23/20,93.99,94.43,93.93,94.39
09/22/20,93.55,94.08,93.47,93.99
09/21/20,92.97,93.78,92.75,93.66
09/18/20,92.86,93.01,92.77,92.93
09/17/20,93.15,93.59,92.87,92.97
09/16/20,93.08,93.28,92.78,93.21
09/15/20,93.06,93.14,92.78,93.05
09/14/20,93.29,93.33,92.87,93.05
9/11/2020,93.33,93.38,93.1,93.33
9/10/2020,93.23,93.45,92.7,93.34
9/9/2020,93.58,93.66,93.14,93.25
9/8/2020,93.05,93.52,93,93.44
9/7/2020,92.97,93.09,92.81,93.07
9/4/2020,92.8,93.24,92.66,92.72
9/3/2020,92.66,93.07,92.65,92.74
9/2/2020,92.28,92.87,92.21,92.85
9/1/2020,92.18,92.4,91.75,92.34
08/31/20,92.3,92.48,91.99,92.14
08/28/20,93.02,93.1,92.2,92.37
08/27/20,92.85,93.32,92.42,93
08/26/20,93.02,93.36,92.85,93.01
08/25/20,93.28,93.35,92.97,93.02
08/24/20,93.2,93.34,92.84,93.3
08/21/20,92.72,93.47,92.58,93.25
08/20/20,92.96,93.24,92.73,92.79
08/19/20,92.28,93.05,92.15,92.89
08/18/20,92.82,92.82,92.13,92.27
08/17/20,93.07,93.12,92.77,92.85
08/14/20,93.22,93.41,93.02,93.1
08/13/20,93.36,93.39,92.93,93.33
8/12/2020,93.68,93.91,93.27,93.44
8/11/2020,93.6,93.74,93.17,93.63
8/10/2020,93.39,93.69,93.3,93.58
8/7/2020,92.81,93.62,92.76,93.44
8/6/2020,92.77,93.09,92.52,92.79
8/5/2020,93.23,93.25,92.56,92.87
8/4/2020,93.58,93.83,93.23,93.38
8/3/2020,93.45,93.99,93.32,93.35
07/31/20,92.82,93.54,92.55,93.35
07/30/20,93.32,93.68,92.93,93.02
07/29/20,93.75,93.8,93.18,93.45
07/28/20,93.58,94.01,93.49,93.7
07/27/20,94.35,94.42,93.48,93.67
07/24/20,94.77,94.83,94.33,94.44
07/23/20,94.98,95.18,94.59,94.69
07/22/20,95.13,95.41,94.83,94.99
07/21/20,95.75,95.92,95.05,95.12
07/20/20,96.01,96.18,95.73,95.83
07/17/20,96.28,96.33,95.9,95.94
07/16/20,96,96.4,95.89,96.35
07/15/20,96.17,96.25,95.78,96.08
07/14/20,96.54,96.7,96.18,96.26
07/13/20,96.66,96.68,96.27,96.46
7/10/2020,96.75,96.97,96.44,96.65
7/9/2020,96.45,96.81,96.23,96.7
7/8/2020,96.99,97.05,96.4,96.43
7/7/2020,96.75,97.15,96.6,96.88
7/6/2020,97.15,97.19,96.57,96.72
7/3/2020,97.22,97.36,97.12,97.17
7/2/2020,97.14,97.34,96.81,97.32
7/1/2020,97.39,97.62,97.03,97.2
06/30/20,97.4,97.8,97.23,97.39
06/29/20,97.5,97.65,97.11,97.54
06/26/20,97.35,97.68,97.26,97.43
06/25/20,97.24,97.6,97.16,97.43
06/24/20,96.66,97.24,96.55,97.15
06/23/20,96.93,97.25,96.39,96.65
06/22/20,97.66,97.74,97,97.04
06/19/20,97.42,97.72,97.16,97.62
06/18/20,97.08,97.58,96.95,97.42
06/17/20,97.01,97.34,96.8,97.16
06/16/20,96.56,97.25,96.43,96.96
06/15/20,97.09,97.39,96.6,96.71
6/12/2020,96.81,97.45,96.49,97.32
6/11/2020,96.09,96.83,95.95,96.73
6/10/2020,96.43,96.46,95.72,95.96
6/9/2020,96.63,97.06,96.23,96.32
6/8/2020,96.84,97.07,96.6,96.62
6/5/2020,96.74,97.03,96.44,96.94
6/4/2020,97.32,97.63,96.57,96.68
6/3/2020,97.57,97.63,97.19,97.28
6/2/2020,97.84,97.91,97.43,97.67
6/1/2020,98.3,98.32,97.79,97.83
05/29/20,98.52,98.55,97.94,98.34
05/28/20,98.91,99.09,98.35,98.38
05/27/20,99.02,99.34,98.72,99.06
05/26/20,99.77,99.77,98.9,98.91
05/25/20,99.8,99.97,99.69,99.86
05/22/20,99.42,99.87,99.39,99.86
05/21/20,99.17,99.51,99.02,99.37
05/20/20,99.55,99.56,99,99.12
05/19/20,99.62,99.73,99.23,99.37
05/18/20,100.36,100.47,99.58,99.67
05/15/20,100.26,100.49,100.08,100.4
05/14/20,100.19,100.56,100.15,100.47
05/13/20,100.01,100.28,99.58,100.24
5/12/2020,100.23,100.44,99.66,99.93
5/11/2020,99.12,100.28,99.67,100.24
5/8/2020,99.84,99.94,99.1,99.73
5/7/2020,100.21,100.4,99.81,99.89
5/6/2020,99.8,100.2,99.75,100.09
5/5/2020,99.51,99.97,99.3,99.71
5/4/2020,98.56,99.6,99.09,99.48
5/1/2020,99.13,99.21,98.64,99.08
04/30/20,99.48,99.72,98.81,99.02
04/29/20,99.88,99.89,99.47,99.56
04/28/20,100.06,100.21,99.45,99.86
04/27/20,100.23,100.32,99.83,100.04
04/24/20,100.5,100.87,100.19,100.38
04/23/20,100.45,100.69,100.04,100.43
04/22/20,100.21,100.5,99.9,100.39
04/21/20,99.94,100.48,99.93,100.26
04/20/20,99.71,100.07,99.65,99.95
04/17/20,99.86,100.29,99.62,99.78
04/16/20,99.63,100.3,99.61,100.03
04/15/20,98.82,99.98,98.82,99.46
04/14/20,99.38,99.43,98.83,98.89
04/13/20,99.49,99.63,99.14,99.35
4/10/2020,99.58,99.63,99.36,99.52
4/9/2020,100.13,100.3,99.36,99.52
4/8/2020,99.91,100.43,99.9,100.12
4/7/2020,100.75,100.79,99.77,99.9
4/6/2020,100.66,100.93,100.47,100.69
4/3/2020,100.2,100.85,100.14,100.58
4/2/2020,99.51,100.41,99.33,100.18
4/1/2020,99.01,99.84,98.91,99.67
03/31/20,99.25,99.95,98.89,99.05
03/30/20,98.31,99.32,98.29,99.18
03/27/20,99.29,99.81,98.27,98.36
03/26/20,100.96,101.02,99.24,99.35
03/25/20,101.6,101.91,100.84,101.05
03/24/20,102.13,102.21,101.05,102.04
03/23/20,101.95,102.98,101.65,102.49
03/20/20,102.94,102.99,101.09,102.82
03/19/20,100.79,102.94,100.77,102.75
03/18/20,99.38,101.74,99.15,101.16
03/17/20,98.14,99.83,97.98,99.58
03/16/20,98.7,98.47,97.45,98.07
03/13/20,97.45,98.81,97.33,98.75
3/12/2020,96.65,98.31,96.08,97.47
3/11/2020,96.33,96.69,95.91,96.51
3/10/2020,95.34,96.58,95.23,96.41
3/9/2020,96.11,95.79,94.65,94.89
3/6/2020,96.61,96.7,95.71,95.95
3/5/2020,97.38,97.44,96.52,96.82
3/4/2020,97.17,97.59,97.12,97.34
3/3/2020,97.56,97.69,96.98,97.15
3/2/2020,98.12,98.09,97.18,97.36
02/28/20,98.42,98.66,97.96,98.13
02/27/20,99.02,99.05,98.36,98.51
02/26/20,99.08,99.27,98.91,99
02/25/20,99.33,99.39,98.88,98.97
02/24/20,99.34,99.64,99.11,99.36
02/21/20,99.86,99.87,99.23,99.26
02/20/20,99.54,99.91,99.53,99.86
02/19/20,99.43,99.72,99.38,99.7
02/18/20,99.19,99.47,99.14,99.44
02/17/20,99.16,99.21,99.04,99.16
02/14/20,99.12,99.17,99,99.12
02/13/20,98.99,99.11,98.85,99.07
2/12/2020,98.77,99.05,98.7,99.05
2/11/2020,98.86,98.95,98.71,98.72
2/10/2020,98.7,98.88,98.6,98.83
2/7/2020,98.46,98.72,98.42,98.68
2/6/2020,98.29,98.57,98.21,98.5
2/5/2020,97.94,98.32,97.9,98.3
2/4/2020,97.82,98.01,97.79,97.96
2/3/2020,97.37,97.89,97.41,97.8
01/31/20,97.87,97.97,97.35,97.39
01/30/20,98.03,98.07,97.79,97.87
01/29/20,97.95,98.19,97.94,97.99
01/28/20,97.95,98.16,97.9,98.02
01/27/20,97.88,98,97.78,97.96
01/24/20,97.72,97.95,97.67,97.85
01/23/20,97.48,97.8,97.43,97.69
01/22/20,97.62,97.69,97.44,97.53
01/21/20,97.63,97.66,97.39,97.53
01/20/20,97.64,97.73,97.58,97.61
01/17/20,97.31,97.66,97.27,97.61
01/16/20,97.18,97.36,97.08,97.32
01/15/20,97.38,97.44,97.16,97.23
01/14/20,97.36,97.56,97.33,97.37
01/13/20,97.35,97.53,97.31,97.34
1/10/2020,97.43,97.58,97.3,97.36
1/9/2020,97.27,97.56,97.25,97.45
1/8/2020,96.83,97.35,96.82,97.3
1/7/2020,96.65,97.09,96.62,97
1/6/2020,96.9,96.9,96.54,96.67
1/3/2020,96.79,97.11,96.71,96.84
1/2/2020,96.48,96.87,96.42,96.85
1/1/2020,96.5,97.1,96.42,96.5
12/31/19,96.73,96.73,96.36,96.39
12/30/19,97.02,97,96.61,96.74
12/27/19,97.54,97.55,96.92,96.92
12/26/19,97.63,97.71,97.49,97.53
12/25/19,97.67,97.73,96.54,97.44
12/24/19,97.66,97.8,97.61,97.65
12/23/19,97.67,97.82,97.58,97.66
12/20/19,97.39,97.76,97.38,97.69
12/19/19,97.4,97.49,97.22,97.38
12/18/19,97.23,97.47,97.22,97.4
12/17/19,97.14,97.3,97.03,97.22
12/16/19,97.18,97.16,96.93,97.02
12/13/19,96.78,97.24,96.72,97.17
12/12/2019,97.08,97.52,96.59,97.4
12/11/2019,97.51,97.6,97.04,97.41
12/10/2019,97.65,97.66,97.4,97.41
12/9/2019,97.68,97.72,97.56,97.64
12/6/2019,97.38,97.84,97.36,97.7
12/5/2019,97.59,97.59,97.36,97.41
12/4/2019,97.71,97.79,97.43,97.65
12/3/2019,97.89,97.94,97.64,97.74
12/2/2019,98.27,98.38,97.81,97.86
11/29/19,98.34,98.54,98.22,98.27
11/28/19,98.33,98.4,98.26,98.37
11/27/19,98.3,98.44,98.28,98.37
11/26/19,98.33,98.38,98.23,98.25
11/25/19,98.27,98.38,98.17,98.32
11/22/19,97.93,98.31,97.84,98.27
11/21/19,97.86,98.03,97.73,97.99
11/20/19,97.84,98.04,97.85,97.93
11/19/19,97.81,97.89,97.75,97.86
11/18/19,97.98,97.98,97.68,97.79
11/15/19,98.17,98.23,97.96,98
11/14/19,98.34,98.42,98.11,98.16
11/13/19,98.33,98.45,98.29,98.37
11/12/2019,98.21,98.42,98.21,98.31
11/11/2019,98.37,98.38,98.13,98.2
11/8/2019,98.14,98.4,98.1,98.35
11/7/2019,97.95,98.23,97.82,98.14
11/6/2019,97.94,97.98,97.78,97.95
11/5/2019,97.55,98.01,97.47,97.98
11/4/2019,97.22,97.58,97.17,97.5
11/1/2019,97.3,97.45,97.11,97.24
10/31/19,97.44,97.45,97.22,97.35
10/30/19,97.67,98,97.45,97.65
10/29/19,97.75,97.93,97.61,97.69
10/28/19,97.85,97.89,97.67,97.76
10/25/19,97.69,97.9,97.57,97.83
10/24/19,97.46,97.78,97.28,97.63
10/23/19,97.49,97.65,97.42,97.49
10/22/19,97.31,97.57,97.26,97.53
10/21/19,97.34,97.4,97.15,97.33
10/18/19,97.6,97.66,97.14,97.28
10/17/19,97.99,98.11,97.5,97.61
10/16/19,98.32,98.42,97.9,98
10/15/19,98.45,98.64,98.21,98.29
10/14/19,98.36,98.53,98.34,98.45
10/11/2019,98.7,98.74,98.2,98.3
10/10/2019,98.98,99.07,98.62,98.7
10/9/2019,99.09,99.16,98.9,99.12
10/8/2019,98.98,98.98,98.97,98.97
10/7/2019,98.82,99,98.74,98.97
10/4/2019,98.87,99,98.73,98.81
10/3/2019,99.03,99.19,98.64,98.86
10/2/2019,99.16,99.42,98.96,99.02
10/1/2019,99.4,99.67,99.07,99.13
09/30/19,99.12,99.46,99.05,99.38
09/27/19,99.19,99.31,98.99,99.11
09/26/19,98.96,99.28,98.84,99.13
09/25/19,98.38,99.06,98.36,99.04
09/24/19,98.64,98.7,98.29,98.34
09/23/19,98.51,98.83,98.45,98.6
09/20/19,98.57,98.62,98.2,98.27
09/19/19,98.57,98.62,98.2,98.27
09/18/19,98.21,98.69,98.19,98.56
09/17/19,98.65,98.74,98.19,98.26
09/16/19,98.12,98.71,98.03,98.61
09/13/19,98.41,98.43,97.86,98.26
9/12/2019,98.63,99.1,98.19,98.31
9/11/2019,98.33,98.75,97.86,98.64
9/10/2019,98.33,98.46,98.26,98.33
9/9/2019,98.42,98.51,98.14,98.28
9/6/2019,98.42,98.52,98.01,98.39
9/5/2019,98.4,98.53,98.08,98.41
9/4/2019,98.96,98.97,98.39,98.45
9/3/2019,99.08,99.37,98.92,99
9/2/2019,98.83,99.13,98.81,99.04
08/30/19,98.43,99.02,98.41,98.92
08/29/19,98.19,98.55,98.16,98.46
08/28/19,98.01,98.26,98,98.21
08/27/19,98.05,98.05,97.86,98
08/26/19,97.59,98.09,97.48,98.08
08/23/19,98.19,98.45,97.17,97.64
08/22/19,98.25,98.39,98.08,98.17
08/21/19,98.17,98.33,97.95,98.3
08/20/19,98.36,98.45,98.12,98.19
08/19/19,98.17,98.39,98.13,98.35
08/16/19,98.13,98.34,98.11,98.14
08/15/19,97.95,98.24,97.82,98.14
08/14/19,97.8,98.05,97.67,97.99
08/13/19,97.48,97.85,97.32,97.81
8/12/2019,97.53,97.74,97.32,97.38
8/9/2019,97.57,97.64,97.03,97.49
8/8/2019,97.6,97.74,97.43,97.62
8/7/2019,97.56,97.85,97.31,97.54
8/6/2019,97.25,97.77,97.21,97.63
8/5/2019,98.11,98.14,97.38,97.52
8/2/2019,98.41,98.45,98.05,98.07
8/1/2019,98.59,98.93,98.27,98.37
07/31/19,98.03,98.68,98,98.52
07/30/19,98.07,98.21,98.02,98.05
07/29/19,97.99,98.17,97.9,98.04
07/26/19,97.79,98.09,97.76,98.01
07/25/19,97.69,97.92,97.5,97.82
07/24/19,97.72,97.81,97.55,97.73
07/23/19,97.3,97.74,97.3,97.7
07/22/19,97.14,97.3,97.13,97.26
07/19/19,96.82,97.29,96.76,97.15
07/18/19,97.19,97.26,96.67,96.79
07/17/19,97.36,97.44,97.16,97.22
07/16/19,96.92,97.44,96.92,97.39
07/15/19,96.84,96.97,96.75,96.93
7/12/2019,97.08,97.12,96.72,96.81
7/11/2019,97.06,97.15,96.8,97.05
7/10/2019,97.51,97.55,97.03,97.1
7/9/2019,97.38,97.59,97.36,97.49
7/8/2019,97.23,97.42,97.16,97.38
7/5/2019,96.72,97.44,96.72,97.29
7/4/2019,96.71,96.81,96.66,96.77
7/3/2019,96.73,96.87,96.59,96.77
7/2/2019,96.81,96.88,96.6,96.73
7/1/2019,96.25,96.87,96.25,96.84
06/28/19,96.19,96.3,96.02,96.13
06/27/19,96.17,96.21,96.17,96.21
06/26/19,96.18,96.34,96.07,96.21
06/25/19,96,96.36,95.84,96.14
06/24/19,96.18,96.2,95.97,95.98
06/21/19,96.62,96.71,96.09,96.22
06/20/19,97.17,97.2,96.57,96.63
06/19/19,97.63,97.68,97.09,97.12
06/18/19,97.53,97.77,97.37,97.64
06/17/19,97.52,97.6,97.34,97.56
06/14/19,97.01,97.58,96.94,97.57
06/13/19,96.96,97.08,96.87,97.01
6/12/2019,96.71,97.02,96.58,97
6/11/2019,96.75,96.88,96.64,96.69
6/10/2019,96.64,96.94,96.63,96.76
6/7/2019,97.01,97.18,96.46,96.54
6/6/2019,97.29,97.35,96.78,97.04
6/5/2019,97.12,97.37,96.75,97.32
6/4/2019,97.21,97.33,97,97.07
6/3/2019,97.64,97.8,97.11,97.14
05/31/19,98.15,98.17,97.61,97.75
05/30/19,98.13,98.28,98.09,98.14
05/29/19,97.92,98.21,97.86,98.14
05/28/19,97.74,97.98,97.7,97.95
05/27/19,97.57,97.79,97.55,97.61
05/24/19,97.83,97.91,97.55,97.61
05/23/19,98.06,98.37,97.81,97.86
05/22/19,98.02,98.12,97.89,98.04
05/21/19,97.92,98.13,97.82,98.06
05/20/19,97.96,98.04,97.88,97.93
05/17/19,97.83,98.03,97.77,98
05/16/19,97.54,97.88,97.44,97.86
05/15/19,97.53,97.7,97.44,97.57
05/14/19,97.32,97.56,97.27,97.53
05/13/19,97.3,97.38,97.03,97.32
5/10/2019,97.43,97.45,97.13,97.33
5/9/2019,97.58,97.7,97.24,97.37
5/8/2019,97.57,97.68,97.42,97.62
5/7/2019,97.52,97.74,97.38,97.63
5/6/2019,97.56,97.7,97.46,97.52
5/3/2019,97.83,98.1,97.41,97.52
5/2/2019,97.63,97.85,97.51,97.83
5/1/2019,97.53,97.73,97.15,97.69
04/30/19,97.84,97.89,97.44,97.48
04/29/19,98.03,98.1,97.83,97.86
04/26/19,98.12,98.33,97.85,98.01
04/25/19,98.1,98.32,97.99,98.2
04/24/19,97.59,98.19,97.59,98.17
04/23/19,97.28,97.78,97.28,97.64
04/22/19,97.38,97.41,97.26,97.29
04/19/19,97.01,97.48,96.96,97.47
04/18/19,97.01,97.48,96.96,97.47
04/17/19,97.07,97.12,96.82,97.01
04/16/19,96.93,97.09,96.88,97.04
04/15/19,96.92,96.96,96.79,96.94
4/12/2019,97.14,97.18,96.75,96.97
4/11/2019,96.89,97.19,96.88,97.18
4/10/2019,96.99,97.22,96.85,96.95
4/9/2019,97.08,97.08,96.86,97.01
4/8/2019,97.39,97.4,96.98,97.05
4/5/2019,97.3,97.47,97.19,97.39
4/4/2019,97.04,97.34,97.02,97.31
4/3/2019,97.3,97.32,96.96,97.09
4/2/2019,97.33,97.52,97.27,97.36
4/1/2019,97.18,97.39,97.03,97.23
03/29/19,97.2,97.34,97,97.28
03/28/19,96.97,97.3,96.82,97.2
03/27/19,96.75,96.98,96.68,96.77
03/26/19,96.5,96.84,96.45,96.74
03/25/19,96.64,96.68,96.41,96.57
03/22/19,96.32,96.81,96.21,96.65
03/21/19,95.91,96.63,95.84,96.5
03/20/19,96.4,96.57,95.74,95.76
03/19/19,96.51,96.52,96.29,96.38
03/18/19,96.56,96.63,96.38,96.52
03/15/19,96.72,96.79,96.49,96.59
03/14/19,96.49,96.82,96.47,96.78
03/13/19,97.01,97.02,96.39,96.55
3/12/2019,97.05,97.28,96.86,96.94
3/11/2019,97.39,97.45,96.92,97.22
3/8/2019,97.61,97.64,97.25,97.31
3/7/2019,96.83,97.71,96.81,97.67
3/6/2019,96.9,96.99,96.78,96.87
3/5/2019,96.67,97.01,96.66,96.87
3/4/2019,96.34,96.82,96.33,96.68
3/1/2019,96.22,96.55,96.07,96.53
02/28/19,96.09,96.28,95.82,96.16
02/27/19,96.06,96.19,95.88,96.15
02/26/19,96.39,96.46,95.95,96
02/25/19,96.52,96.6,96.32,96.41
02/22/19,96.59,96.78,96.42,96.51
02/21/19,96.49,96.66,96.36,96.61
02/20/19,96.53,96.65,96.29,96.45
02/19/19,96.81,97.08,96.43,96.52
02/18/19,97.06,97.37,96.83,96.9
02/15/19,97.06,97.37,96.83,96.9
02/14/19,97.14,97.28,96.95,96.98
02/13/19,96.73,97.26,96.63,97.13
2/12/2019,97.06,97.2,96.65,96.71
2/11/2019,96.66,97.12,96.62,97.06
2/8/2019,96.6,96.69,96.45,96.64
2/7/2019,96.39,96.67,96.38,96.51
2/6/2019,96.06,96.42,96.04,96.39
2/5/2019,95.83,96.12,95.81,96.07
2/4/2019,95.6,95.92,95.57,95.85
2/1/2019,95.55,95.66,95.4,95.58
01/31/19,95.35,95.62,95.16,95.58
01/30/19,95.79,95.98,95.25,95.34
01/29/19,95.74,95.87,95.62,95.82
01/28/19,95.79,95.92,95.64,95.75
01/25/19,96.49,96.53,95.74,95.79
01/24/19,96.07,96.68,96.04,96.6
01/23/19,96.31,96.37,96.05,96.12
01/22/19,96.34,96.48,96.22,96.3
01/21/19,96.35,96.43,96.2,96.34
01/18/19,96.07,96.39,96.01,96.34
01/17/19,96.07,96.26,95.98,96.06
01/16/19,95.94,96.18,95.86,96.06
01/15/19,95.57,96.26,95.47,96.04
01/14/19,95.65,95.72,95.48,95.61
1/11/2019,95.44,95.76,95.19,95.67
1/10/2019,95.16,95.62,95.03,95.54
1/9/2019,95.81,95.92,95.12,95.22
1/8/2019,95.69,96.03,95.68,95.9
1/7/2019,96.16,96.16,95.64,95.67
1/4/2019,96.28,96.61,96.05,96.18
1/3/2019,96.72,96.75,96.21,96.31
1/2/2019,96.14,96.96,95.82,96.82
1/1/2019,96.4,96.51,96,96.17
12/31/18,96.4,96.51,96,96.17
12/28/18,96.51,96.52,96.19,96.4
12/27/18,96.92,96.94,96.41,96.48
12/26/18,96.58,97.12,96.53,97.05
12/25/18,96.94,96.94,96.38,96.55
12/24/18,96.94,96.94,96.38,96.55
12/21/18,96.39,97.05,96.25,96.96
12/20/18,96.99,97.04,96.17,96.28
12/19/18,96.91,97.1,96.55,97.03
12/18/18,97.13,97.17,96.7,97.1
12/17/18,97.43,97.46,97.05,97.1
12/14/18,97.09,97.71,97.08,97.44
12/13/18,97.04,97.29,96.88,97.06
12/12/2018,97.38,97.49,96.89,97.04
12/11/2018,97.18,97.55,96.87,97.39
12/10/2018,96.72,97.24,96.36,97.22
12/7/2018,96.8,96.92,96.51,96.51
12/6/2018,97.01,97.2,96.55,96.81
12/5/2018,97.01,97.2,96.83,97.07
12/4/2018,96.94,97.13,96.38,96.97
12/3/2018,97.13,97.16,96.71,97.04
11/30/18,96.76,97.31,96.71,97.27
11/29/18,96.84,97,96.63,96.78
11/28/18,97.37,97.54,96.69,96.79
11/27/18,97.03,97.5,96.97,97.37
11/26/18,96.93,97.1,96.66,97.07
11/23/18,96.51,96.98,96.4,96.92
11/22/18,96.72,96.72,96.32,96.71
11/21/18,96.82,96.87,96.5,96.71
11/20/18,96.2,96.89,96.04,96.84
11/19/18,96.43,96.57,96.12,96.19
11/16/18,97.05,97.06,96.4,96.47
11/15/18,97.01,97.39,96.77,96.93
11/14/18,97.03,97.41,96.75,96.8
11/13/18,97.6,97.66,96.94,97.3
11/12/2018,97.05,97.69,96.97,97.54
11/9/2018,96.63,97.01,96.62,96.91
11/8/2018,96.19,96.74,96.07,96.72
11/7/2018,95.99,96.46,95.68,96
11/6/2018,96.33,96.45,96.14,96.32
11/5/2018,96.44,96.68,96.25,96.28
11/2/2018,96.31,96.59,95.99,96.54
11/1/2018,97.08,97.11,96.2,96.28
10/31/18,96.99,97.2,96.88,97.13
10/30/18,96.66,97.02,96.62,97.01
10/29/18,96.44,96.7,96.35,96.58
10/26/18,96.59,96.86,96.29,96.36
10/25/18,96.36,96.73,96.21,96.68
10/24/18,95.92,96.53,95.91,96.43
10/23/18,96.03,96.16,95.81,95.96
10/22/18,95.66,96.09,95.47,96.01
10/19/18,95.95,96.09,95.54,95.71
10/18/18,95.66,95.99,95.49,95.9
10/17/18,95.09,95.66,95.06,95.58
10/16/18,95.05,95.2,94.79,95.05
10/15/18,95.35,95.37,94.95,95.06
10/12/2018,95.04,95.37,94.95,95.22
10/11/2018,95.43,95.43,94.99,95.02
10/10/2018,95.59,95.79,95.38,95.51
10/9/2018,95.75,96.16,95.64,95.67
10/8/2018,95.62,96.03,95.59,95.76
10/5/2018,95.76,95.94,95.52,95.62
10/4/2018,96.05,96.12,95.55,95.75
10/3/2018,95.46,96.12,95.26,95.76
10/2/2018,95.3,95.74,95.26,95.51
10/1/2018,95.11,95.37,95,95.3
09/28/18,95.02,95.37,94.92,95.13
09/27/18,94.25,95.01,94.21,94.89
09/26/18,94.17,94.4,93.95,94.19
09/25/18,94.25,94.37,94.01,94.13
09/24/18,94.23,94.37,93.84,94.19
09/21/18,93.89,94.33,93.81,94.22
09/20/18,94.55,94.56,93.83,93.91
09/19/18,94.54,94.73,94.32,94.54
09/18/18,94.61,94.73,94.31,94.64
09/17/18,94.93,94.98,94.44,94.5
09/14/18,94.55,95,94.36,94.93
09/13/18,94.83,94.97,94.43,94.52
9/12/2018,95.1,95.28,94.73,94.8
9/11/2018,95.15,95.35,94.88,95.25
9/10/2018,95.43,95.56,95.03,95.15
9/7/2018,95.02,95.46,94.87,95.36
9/6/2018,95.1,95.21,94.93,95.02
9/5/2018,95.4,95.66,95.08,95.18
9/4/2018,95.14,95.74,95.14,95.44
9/3/2018,94.7,95.22,94.55,95.14
08/31/18,94.7,95.22,94.55,95.14
08/30/18,94.53,94.9,94.47,94.72
08/29/18,94.73,94.93,94.53,94.6
08/28/18,94.77,94.91,94.43,94.72
08/27/18,95.17,95.3,94.69,94.78
08/24/18,95.64,95.69,95.03,95.15
08/23/18,95.17,95.71,95.15,95.67
08/22/18,95.21,95.38,94.93,95.15
08/21/18,95.74,95.75,95.08,95.26
08/20/18,96.13,96.4,95.73,95.9
08/17/18,96.61,96.66,96.09,96.1
08/16/18,96.72,96.77,96.32,96.64
08/15/18,96.66,96.98,96.65,96.7
08/14/18,95.17,96.79,95.16,96.73
08/13/18,95.19,96.52,95.16,96.39
8/10/2018,95.64,96.45,95.53,96.36
8/9/2018,95.1,95.62,95.03,95.5
8/8/2018,95.14,95.42,94.99,95.05
8/7/2018,95.34,95.37,94.99,95.22
8/6/2018,95.2,95.52,95.2,95.36
8/3/2018,95.18,95.37,94.98,95.14
8/2/2018,94.63,95.19,94.61,95.16
8/1/2018,94.56,94.71,94.49,94.62
07/31/18,94.33,94.57,94.16,94.49
07/30/18,94.66,94.76,94.26,94.32
07/27/18,94.76,94.91,94.63,94.67
07/26/18,94.16,94.8,94.08,94.75
07/25/18,94.59,94.67,94.14,94.36
07/24/18,94.67,94.86,94.4,94.61
07/23/18,94.43,94.72,94.21,94.67
07/20/18,95.13,95.28,94.36,94.45
07/19/18,95.08,95.65,94.93,95.15
07/18/18,95.03,95.41,94.96,95.08
07/17/18,94.55,95.06,94.3,94.94
07/16/18,94.69,94.77,94.41,94.51
07/13/18,94.89,95.24,94.67,94.75
7/12/2018,94.7,94.94,94.64,94.81
7/11/2018,94.2,94.77,94.09,94.72
7/10/2018,94.06,94.47,94.02,94.15
7/9/2018,93.97,94.21,93.71,94.08
7/6/2018,94.36,94.49,93.92,94.04
7/5/2018,94.51,94.59,94.18,94.47
7/4/2018,94.52,94.71,94.4,94.67
7/3/2018,94.84,94.98,94.56,94.67
7/2/2018,94.63,95.14,94.53,95.03
06/29/18,95.3,95.32,94.47,94.64
06/28/18,95.27,95.53,95.09,95.39
06/27/18,94.67,95.42,94.53,95.27
06/26/18,94.29,94.77,94.17,94.66
06/25/18,94.5,94.7,94.21,94.28
06/22/18,94.86,94.88,94.43,94.52
06/21/18,95.13,95.53,94.68,94.74
06/20/18,94.97,95.3,94.92,95.06
06/19/18,94.74,95.3,94.53,95.08
06/18/18,94.79,95.05,94.7,94.8
06/15/18,94.91,95.13,94.65,94.79
06/14/18,93.5,94.93,93.19,94.77
06/13/18,93.83,94.03,93.52,93.71
6/12/2018,93.67,93.91,93.47,93.8
6/11/2018,93.54,93.68,93.37,93.58
6/8/2018,93.44,93.82,93.39,93.55
6/7/2018,93.6,93.59,93.21,93.4
6/6/2018,93.88,93.89,93.42,93.66
6/5/2018,94.06,94.32,93.78,93.9
6/4/2018,94.16,94.19,93.66,94.02
6/1/2018,94.07,94.25,93.72,93.98
05/31/18,94.07,94.25,93.72,93.98
05/30/18,94.82,94.97,94.04,94.15
05/29/18,94.41,95.03,94.28,94.83
05/28/18,94.42,94.5,93.86,94.19
05/25/18,93.8,94.3,93.75,94.19
05/24/18,93.92,93.98,93.61,93.76
05/23/18,93.55,94.19,93.51,94
05/22/18,93.54,93.73,93.29,93.61
05/21/18,93.67,94.06,93.51,93.68
05/18/18,93.5,93.83,93.34,93.64
05/17/18,93.26,93.56,93.12,93.47
05/16/18,93.31,93.63,93.14,93.39
05/15/18,92.65,93.46,92.61,93.22
05/14/18,92.55,92.69,92.24,92.59
5/11/2018,92.69,92.84,92.37,92.54
5/10/2018,93.08,93.16,92.54,92.65
5/9/2018,93.07,93.42,92.84,93.04
5/8/2018,92.77,93.28,92.65,93.12
5/7/2018,92.57,92.97,92.45,92.75
5/4/2018,92.43,92.9,92.35,92.57
5/3/2018,92.72,92.76,92.34,92.41
5/2/2018,92.47,92.83,92.22,92.51
5/1/2018,91.81,92.57,91.8,92.45
04/30/18,91.53,91.92,91.48,91.84
04/27/18,91.58,91.99,91.49,91.54
04/26/18,91.21,91.64,90.96,91.56
04/25/18,90.78,91.26,90.75,91.17
04/24/18,90.92,91.08,90.71,90.77
04/23/18,90.26,90.98,90.32,90.95
04/20/18,89.9,90.48,89.89,90.32
04/19/18,89.62,89.95,89.5,89.94
04/18/18,89.5,89.78,89.45,89.62
04/17/18,89.41,89.67,89.23,89.52
04/16/18,89.77,89.85,89.39,89.42
04/13/18,89.76,89.88,89.66,89.8
4/12/2018,89.52,89.96,89.44,89.75
4/11/2018,89.58,89.67,89.36,89.57
4/10/2018,89.83,89.97,89.54,89.59
4/9/2018,90.07,90.27,89.82,89.84
4/6/2018,90.38,90.6,90.07,90.11
4/5/2018,90.09,90.59,90.07,90.46
4/4/2018,90.16,90.23,89.92,90.14
4/3/2018,90.02,90.28,89.85,90.2
4/2/2018,89.97,90.15,89.82,90.05
03/30/18,90.07,90.18,89.9,90.15
03/29/18,90.07,90.18,89.9,90.15
03/28/18,89.32,90.15,89.25,90.06
03/27/18,89.02,89.63,88.94,89.37
03/26/18,89.47,89.52,88.98,89.03
03/23/18,89.69,89.74,89.4,89.44
03/22/18,89.65,89.96,89.4,89.86
03/21/18,90.41,90.4,89.63,89.78
03/20/18,89.88,90.44,89.85,90.37
03/19/18,90.2,90.34,89.76,89.77
03/16/18,90.14,90.38,89.89,90.23
03/15/18,89.75,90.17,89.62,90.14
03/14/18,89.7,89.89,89.56,89.7
03/13/18,89.91,90.11,89.59,89.66
3/12/2018,90.11,90.19,89.84,89.89
3/9/2018,90.2,90.36,90,90.09
3/8/2018,89.59,90.23,89.44,90.18
3/7/2018,89.51,89.78,89.41,89.64
3/6/2018,89.96,90.06,89.43,89.62
3/5/2018,89.83,90.22,89.83,90.08
3/2/2018,90.25,90.29,89.88,89.94
3/1/2018,90.67,90.93,90.21,90.32
02/28/18,90.41,90.7,90.31,90.61
02/27/18,89.8,90.5,89.69,90.36
02/26/18,89.88,90.05,89.5,89.85
02/23/18,89.78,90.06,89.76,89.88
02/22/18,90.16,90.23,89.64,89.74
02/21/18,89.71,90.16,89.59,90
02/20/18,89.24,89.8,89.22,89.72
02/19/18,88.57,89.23,88.25,89.1
02/16/18,88.57,89.23,88.25,89.1
02/15/18,88.96,89,88.54,88.59
02/14/18,89.69,90.12,88.94,89.12
02/13/18,90.09,90.18,89.61,89.7
2/12/2018,90.33,90.43,90.07,90.21
2/9/2018,90.25,90.56,90.12,90.44
2/8/2018,90.27,90.57,90.01,90.23
2/7/2018,89.63,90.4,89.47,90.25
2/6/2018,89.66,90.03,89.37,89.58
2/5/2018,89.19,89.7,89.02,89.55
2/2/2018,88.64,89.42,88.59,89.19
2/1/2018,89.04,89.33,88.56,88.67
01/31/18,89.1,89.3,88.78,89.13
01/30/18,89.36,89.64,88.91,89.16
01/29/18,89.02,89.62,89.01,89.31
01/26/18,89.4,89.58,88.44,89.07
01/25/18,89.32,90.11,89.16,89.39
01/24/18,90,90.59,89.97,89.21
01/23/18,90.39,90.7,90.35,90.12
01/22/18,90.67,90.7,90.16,90.4
01/19/18,90.5,90.98,90.41,90.57
01/18/18,90.78,91,90.11,90.5
01/17/18,90.44,90.82,90.34,90.54
01/16/18,90.44,90.83,90.34,90.39
01/15/18,90.89,90.94,90.28,90.97
1/12/2018,91.85,91.88,90.9,90.97
1/11/2018,92.33,92.55,91.79,91.85
1/10/2018,92.57,92.58,91.92,92.33
1/9/2018,92.34,92.64,92.21,92.53
1/8/2018,92.06,92.4,91.88,92.36
1/5/2018,91.87,92.1,91.78,91.95
1/4/2018,92.22,92.26,91.8,91.85
1/3/2018,91.82,92.26,91.81,92.16
1/2/2018,92.24,92.25,91.75,91.87
1/1/2018,92.67,92.67,92.08,92.12
12/29/17,92.67,92.67,92.08,92.12
12/28/17,93,93.02,92.57,92.6
12/27/17,93.3,93.31,92.96,93.03
12/26/17,93.25,93.4,93.2,93.26
12/25/17,93.37,93.56,93.31,93.35
12/22/17,93.37,93.56,93.31,93.35
12/21/17,93.31,93.5,93.23,93.28
12/20/17,93.5,93.53,93.16,93.31
12/19/17,93.71,93.76,93.43,93.44
12/18/17,93.98,94.03,93.38,93.69
12/15/17,93.65,94,93.41,93.93
12/14/17,93.41,93.76,93.28,93.49
12/13/17,94.06,94.11,93.39,93.43
12/12/2017,93.91,94.22,93.76,94.1
12/11/2017,93.92,93.98,93.67,93.87
12/8/2017,93.79,94.09,93.77,93.9
12/7/2017,93.54,93.8,93.51,93.8
12/6/2017,93.31,93.65,93.17,93.61
12/5/2017,93.08,93.49,93.03,93.38
12/4/2017,93.22,93.36,93.07,93.19
12/1/2017,93.03,93.25,92.6,92.89
11/30/17,93.26,93.5,92.73,93.05
11/29/17,93.22,93.44,92.99,93.16
11/28/17,92.89,93.34,92.83,93.27
11/27/17,92.69,92.98,92.5,92.9
11/24/17,93.13,93.25,92.67,92.78
11/23/17,93.3,93.31,93.07,93.22
11/22/17,93.93,93.96,93.21,93.22
11/21/17,94.04,94.17,93.88,93.95
11/20/17,93.71,94.1,93.58,94.08
11/17/17,93.87,93.93,93.51,93.66
11/16/17,93.84,94,93.77,93.93
11/15/17,93.86,93.93,93.4,93.81
11/14/17,94.52,94.54,93.75,93.83
11/13/17,94.41,94.64,94.4,94.49
11/10/2017,94.5,94.65,94.26,94.39
11/9/2017,94.88,94.96,94.42,94.44
11/8/2017,94.8,94.97,94.78,94.87
11/7/2017,94.72,95.15,94.7,94.91
11/6/2017,94.91,95.08,94.69,94.76
11/3/2017,94.73,95.02,94.41,94.94
11/2/2017,94.8,94.8,94.41,94.69
11/1/2017,94.55,94.85,94.51,94.81
10/31/17,94.54,94.7,94.45,94.55
10/30/17,94.79,94.9,94.44,94.56
10/27/17,94.72,95.15,94.73,94.92
10/26/17,93.63,94.72,93.48,94.61
10/25/17,93.94,94.01,93.61,93.71
10/24/17,93.83,93.99,93.68,93.77
10/23/17,93.84,94.02,93.68,93.94
10/20/17,93.16,93.78,93.12,93.7
10/19/17,93.42,93.55,93.06,93.27
10/18/17,93.48,93.8,93.36,93.36
10/17/17,93.31,93.73,93.28,93.49
10/16/17,93.08,93.36,93.08,93.31
10/13/17,93.09,93.24,92.75,93.09
10/12/2017,92.95,93.23,92.8,93.06
10/11/2017,93.25,93.37,92.9,93.02
10/10/2017,93.73,93.74,93.14,93.29
10/9/2017,93.77,93.84,93.62,93.67
10/6/2017,93.92,94.27,93.77,93.8
10/5/2017,93.48,93.99,93.41,93.96
10/4/2017,93.59,93.58,93.26,93.46
10/3/2017,93.6,93.92,93.43,93.57
10/2/2017,93.29,93.66,93.12,93.56
09/29/17,93.17,93.27,92.95,93.08
09/28/17,93.47,93.67,93.07,93.08
09/27/17,93.04,93.61,93,93.36
09/26/17,92.6,93.29,92.55,92.97
09/25/17,92.15,92.72,92.21,92.65
09/22/17,92.18,92.22,91.78,92.17
09/21/17,92.47,92.66,92.1,92.26
09/20/17,91.83,92.7,91.53,92.51
09/19/17,91.98,92.05,91.75,91.79
09/18/17,91.93,92.21,91.8,92.05
09/15/17,92,92.17,91.58,91.87
09/14/17,92.35,92.66,91.97,92.12
09/13/17,91.88,92.53,91.71,92.52
9/12/2017,91.86,92.08,91.77,91.88
9/11/2017,91.32,91.98,91.42,91.88
9/8/2017,91.49,91.51,91.01,91.35
9/7/2017,92.2,92.25,91.41,91.66
9/6/2017,92.24,92.38,91.99,92.29
9/5/2017,92.6,92.73,92.18,92.25
9/4/2017,92.61,92.93,92.1,92.81
9/1/2017,92.61,92.93,92.1,92.81
08/31/17,92.85,93.35,92.56,92.67
08/30/17,92.3,92.95,92.25,92.88
08/29/17,92.22,92.47,91.62,92.25
08/28/17,92.36,92.55,92.17,92.21
08/25/17,93.27,93.44,92.42,92.74
08/24/17,93.16,93.38,93.14,93.28
08/23/17,93.51,93.63,93.13,93.15
08/22/17,93.14,93.58,93.06,93.55
08/21/17,93.43,93.58,93,93.09
08/18/17,93.68,93.76,93.33,93.43
08/17/17,93.44,94.08,93.31,93.62
08/16/17,93.83,94.14,93.47,93.54
08/15/17,93.46,94.14,93.44,93.85
08/14/17,93.09,93.5,93.05,93.41
8/11/2017,93.43,93.51,92.93,93.07
8/10/2017,93.5,93.81,93.32,93.4
8/9/2017,93.56,93.89,93.49,93.55
8/8/2017,93.44,93.88,93.24,93.65
8/7/2017,93.5,93.54,93.3,93.43
8/4/2017,92.76,93.77,92.7,93.54
8/3/2017,92.9,93.04,92.68,92.84
8/2/2017,93.06,93.16,92.55,92.84
8/1/2017,92.89,93.12,92.78,93.04
07/31/17,93.36,93.53,92.78,92.86
07/28/17,93.87,93.95,93.26,93.26
07/27/17,93.46,94.1,93.15,93.86
07/26/17,94.09,94.28,93.37,93.67
07/25/17,94.03,94.12,93.64,94.05
07/24/17,93.95,94.12,93.82,93.98
07/21/17,94.3,94.36,93.85,93.86
07/20/17,94.77,95.17,94.09,94.31
07/19/17,94.69,94.89,94.64,94.78
07/18/17,95.16,95.19,94.48,94.6
07/17/17,95.1,95.35,95.02,95.13
07/14/17,95.8,95.83,95.09,95.15
07/13/17,95.85,95.92,95.46,95.73
7/12/2017,95.71,95.98,95.51,95.77
7/11/2017,96.07,96.2,95.65,95.76
7/10/2017,96.04,96.2,95.95,96.06
7/7/2017,95.8,96.15,95.75,96
7/6/2017,96.19,96.34,95.78,95.81
7/5/2017,96.19,96.51,96.07,96.19
7/4/2017,96.16,96.33,96.05,96.26
7/3/2017,95.64,96.24,95.63,96.2
06/30/17,95.54,95.83,95.47,95.63
06/29/17,96.04,96.05,95.53,95.56
06/28/17,96.43,96.62,95.97,96.04
06/27/17,97.43,97.45,96.34,96.47
06/26/17,97.3,97.47,97.11,97.42
06/23/17,97.56,97.58,97.18,97.3
06/22/17,97.55,97.65,97.43,97.54
06/21/17,97.73,97.8,97.52,97.56
06/20/17,97.53,97.87,97.43,97.75
06/19/17,97.11,97.58,97.05,97.52
06/16/17,97.48,97.56,97.1,97.16
06/15/17,96.93,97.56,96.84,97.47
06/14/17,97,97.13,96.32,96.95
06/13/17,97.17,97.28,96.95,97
6/12/2017,97.27,97.32,97.04,97.16
6/9/2017,97.18,97.5,97.14,97.28
6/8/2017,96.7,97.23,96.59,97.21
6/7/2017,96.54,96.98,96.51,96.69
6/6/2017,96.79,96.8,96.52,96.53
6/5/2017,96.68,96.97,96.7,96.8
6/2/2017,97.19,97.31,96.65,96.67
6/1/2017,96.99,97.32,96.9,97.2
05/31/17,97.43,97.5,96.86,96.98
05/30/17,97.63,97.78,97.22,97.4
05/29/17,97.45,97.61,97.33,97.59
05/26/17,97.23,97.55,97.04,97.4
05/25/17,97.07,97.28,96.88,97.19
05/24/17,97.34,97.47,97.03,97.1
05/23/17,96.95,97.42,96.8,97.34
05/22/17,97.16,97.44,96.8,96.99
05/19/17,97.85,97.85,97.08,97.12
05/18/17,97.44,98.07,97.37,97.88
05/17/17,98.09,98.13,97.33,97.39
05/16/17,98.88,98.89,98.08,98.19
05/15/17,99.17,99.26,98.79,98.88
5/12/2017,99.63,99.7,99.16,99.19
5/11/2017,99.66,99.89,99.49,99.65
5/10/2017,99.48,99.72,99.36,99.63
5/9/2017,99.14,99.69,99.08,99.54
5/8/2017,98.5,99.18,98.6,99.16
5/5/2017,98.77,98.97,98.54,98.58
5/4/2017,99.35,99.46,98.71,98.78
5/3/2017,98.92,99.39,98.89,99.38
5/2/2017,99.07,99.22,98.92,98.95
5/1/2017,98.94,99.21,98.89,99.13
04/28/17,99.17,99.25,98.72,99.04
04/27/17,98.95,99.33,98.81,99.15
04/26/17,98.85,99.33,98.73,98.98
04/25/17,99.05,99.22,98.69,98.83
04/24/17,99.75,99.33,98.91,99.04
04/21/17,99.83,100.03,99.65,99.98
04/20/17,99.78,99.85,99.37,99.84
04/19/17,99.51,99.89,99.51,99.81
04/18/17,100.34,100.4,99.47,99.5
04/17/17,100.49,100.47,100,100.3
04/14/17,100.16,100.6,100.01,100.58
04/13/17,100.16,100.6,100.01,100.58
4/12/2017,100.73,100.82,100.09,100.18
4/11/2017,100.97,101.08,100.58,100.71
4/10/2017,101.15,101.34,100.94,101.01
4/7/2017,100.73,101.26,100.52,101.13
4/6/2017,100.5,100.77,100.38,100.72
4/5/2017,100.52,100.85,100.41,100.52
4/4/2017,100.49,100.73,100.42,100.49
4/3/2017,100.51,100.69,100.37,100.49
03/31/17,100.49,100.65,100.25,100.56
03/30/17,99.96,100.6,99.92,100.51
03/29/17,99.7,100.13,99.67,99.93
03/28/17,99.22,99.79,99.11,99.68
03/27/17,99.43,99.38,98.86,99.22
03/24/17,99.77,100,99.53,99.77
03/23/17,99.75,99.87,99.63,99.76
03/22/17,99.69,99.93,99.55,99.72
03/21/17,100.37,100.35,99.66,99.75
03/20/17,100.33,100.45,100.02,100.36
03/17/17,100.24,100.47,100.14,100.31
03/16/17,100.56,100.75,100.21,100.23
03/15/17,101.71,101.71,100.49,100.54
03/14/17,101.4,101.79,101.34,101.74
03/13/17,101.29,101.39,101.01,101.37
3/10/2017,101.99,102,101.17,101.38
3/9/2017,102.11,102.25,101.7,102.03
3/8/2017,101.79,102.19,101.71,102.12
3/7/2017,101.68,101.91,101.53,101.82
3/6/2017,101.42,101.75,101.22,101.7
3/3/2017,102.13,102.17,101.34,101.54
3/2/2017,101.92,102.26,101.78,102.15
3/1/2017,101.43,101.97,101.23,101.77
02/28/17,101.21,101.4,100.78,101.36
02/27/17,101.09,101.27,100.69,101.17
02/24/17,100.95,101.17,100.66,101.12
02/23/17,101.38,101.44,100.87,100.98
02/22/17,101.4,101.72,101.17,101.33
02/21/17,100.93,101.6,100.91,101.44
02/20/17,100.52,100.96,100.45,100.95
02/17/17,100.52,100.96,100.45,100.95
02/16/17,101.05,101.07,100.41,100.5
02/15/17,101.22,101.76,101,101.09
02/14/17,100.98,101.38,100.7,101.23
02/13/17,100.84,101.11,100.58,101.02
2/10/2017,100.67,101.01,100.58,100.71
2/9/2017,100.22,100.68,100.08,100.67
2/8/2017,100.44,100.64,100.06,100.17
2/7/2017,99.93,100.72,99.91,100.4
2/6/2017,99.61,100.25,99.63,99.9
2/3/2017,99.79,100.26,99.56,99.73
2/2/2017,99.76,99.87,99.23,99.82
2/1/2017,99.56,100.04,99.5,99.75
01/31/17,100.33,100.51,99.43,99.55
01/30/17,100.34,101.02,100.17,100.37
01/27/17,100.49,100.82,100.32,100.56
01/26/17,99.91,100.73,99.79,100.53
01/25/17,100.31,100.41,99.83,99.92
01/24/17,100.08,100.43,99.92,100.27
01/23/17,100.73,100.67,99.9,99.93
01/20/17,101.17,101.5,100.7,100.81
01/19/17,101.35,101.73,100.97,101.17
01/18/17,100.43,101.34,100.32,101.29
01/17/17,101.54,101.62,100.26,100.3
01/16/17,101.18,101.73,101.32,101.57
01/13/17,101.51,101.67,101.01,101.19
1/12/2017,101.67,101.8,100.72,101.45
1/11/2017,102.07,102.95,101.28,101.73
1/10/2017,101.85,102.1,101.51,102.04
1/9/2017,102.25,102.52,101.8,101.84
1/6/2017,101.4,102.29,101.37,102.22
1/5/2017,102.45,102.51,101.3,101.4
1/4/2017,103.17,103.44,102.39,102.52
1/3/2017,102.88,103.82,102.59,103.21
1/2/2017,102.13,102.59,101.91,102.21
12/30/16,102.13,102.59,101.91,102.21
12/29/16,103.21,103.25,102.6,102.65
12/28/16,103.02,103.63,102.87,103.22
12/27/16,102.97,103.15,102.95,103.04
12/26/16,103.08,103.23,102.88,102.92
12/23/16,103.08,103.23,102.88,102.92
12/22/16,103.05,103.14,102.59,103.09
12/21/16,103.26,103.38,102.77,103
12/20/16,103.15,103.65,103.03,103.25
12/19/16,102.92,103.21,102.52,103.13
12/16/16,103.16,103.27,102.62,102.95
12/15/16,102.23,103.56,102.16,103.1
12/14/16,101.04,102.35,100.73,102.2
12/13/16,100.89,101.16,100.75,101.06
12/12/2016,101.68,101.78,100.84,100.92
12/9/2016,101.06,101.74,101.01,101.59
12/8/2016,100.21,101.25,99.43,101.09
12/7/2016,100.49,100.6,100.13,100.18
12/6/2016,100.13,100.58,99.98,100.49
12/5/2016,100.65,101.54,99.85,100.15
12/2/2016,100.88,101.11,100.62,100.66
12/1/2016,101.52,101.59,100.87,100.95
11/30/16,100.85,101.83,100.84,101.53
11/29/16,101.18,101.64,100.86,100.99
11/28/16,101.48,101.6,100.64,101.16
11/25/16,101.84,101.92,101.21,101.5
11/24/16,101.82,102.05,101.43,101.69
11/23/16,100.95,101.91,100.89,101.71
11/22/16,100.77,101.32,100.65,101
11/21/16,101.3,101.4,100.74,100.88
11/18/16,100.97,101.48,100.83,101.21
11/17/16,100.26,101.01,99.96,100.95
11/16/16,100.18,100.57,99.9,100.3
11/15/16,99.8,100.26,99.45,100.14
11/14/16,99,100.22,99.2,99.97
11/11/2016,98.85,99.13,98.54,98.99
11/10/2016,98.61,99.08,98.31,98.86
11/9/2016,97.68,98.7,95.89,98.62
11/8/2016,97.74,98,97.55,97.97
11/7/2016,96.89,97.87,97.22,97.74
11/4/2016,97.17,97.35,96.89,96.89
11/3/2016,97.37,97.46,97.04,97.15
11/2/2016,97.75,97.8,97.18,97.38
11/1/2016,98.39,98.48,97.64,97.73
10/31/16,98.32,98.7,98.29,98.36
10/28/16,98.92,98.94,98.24,98.35
10/27/16,98.62,99.03,98.5,98.93
10/26/16,98.7,98.84,98.33,98.62
10/25/16,98.77,99.12,98.61,98.73
10/24/16,98.63,98.85,98.54,98.75
10/21/16,98.32,98.81,98.31,98.69
10/20/16,97.85,98.4,97.66,98.33
10/19/16,97.89,97.97,97.63,97.85
10/18/16,97.87,97.96,97.61,97.88
10/17/16,98.06,98.17,97.81,97.88
10/14/16,97.53,98.12,97.51,98.09
10/13/16,97.99,98.13,97.5,97.55
10/12/2016,97.54,98.04,97.45,97.98
10/11/2016,96.91,97.76,96.92,97.7
10/10/2016,96.47,96.97,96.46,96.89
10/7/2016,97.12,97.19,96.4,96.63
10/6/2016,96.14,96.77,96.11,96.69
10/5/2016,96.1,96.31,95.96,96.17
10/4/2016,95.73,96.44,95.76,96.14
10/3/2016,95.42,95.8,95.46,95.75
09/30/16,95.51,95.96,95.34,95.42
09/29/16,95.37,95.68,95.33,95.53
09/28/16,95.45,95.74,95.36,95.43
09/27/16,95.32,95.67,95.24,95.47
09/26/16,95.5,95.53,95.13,95.3
09/23/16,95.36,95.68,95.34,95.51
09/22/16,95.5,95.53,95.05,95.37
09/21/16,96,96.33,95.44,95.5
09/20/16,95.83,96.04,95.6,96
09/19/16,96.04,96.06,95.64,95.87
09/16/16,95.23,96.11,95.22,96.04
09/15/16,95.33,95.56,95.08,95.28
09/14/16,95.56,95.66,95.2,95.34
09/13/16,95.12,95.67,95.08,95.58
9/12/2016,95.35,95.45,94.94,95.15
9/9/2016,94.94,95.58,94.8,95.35
9/8/2016,94.96,95.14,94.47,94.99
9/7/2016,94.89,95.06,94.69,94.96
9/6/2016,95.79,95.86,94.77,94.86
9/5/2016,95.67,95.96,95.19,95.88
9/2/2016,95.67,95.96,95.19,95.88
9/1/2016,95.98,96.24,95.59,95.65
08/31/16,96.01,96.25,95.9,95.99
08/30/16,95.58,96.14,95.53,96.05
08/29/16,95.47,95.83,95.48,95.57
08/26/16,94.72,95.59,94.25,95.48
08/25/16,94.78,94.83,94.59,94.72
08/24/16,94.55,94.91,94.5,94.77
08/23/16,94.55,94.58,94.21,94.53
08/22/16,94.5,94.96,94.44,94.53
08/19/16,94.23,94.63,94.22,94.51
08/18/16,94.7,94.65,94.08,94.15
08/17/16,94.8,95.1,94.51,94.72
08/16/16,95.61,95.66,94.43,94.78
08/15/16,95.68,95.8,95.47,95.6
8/12/2016,95.92,95.99,95.25,95.68
8/11/2016,95.58,95.97,95.5,95.91
8/10/2016,96.13,96.12,95.44,95.57
8/9/2016,96.39,96.52,96.08,96.13
8/8/2016,96.23,96.47,96.15,96.38
8/5/2016,95.78,96.52,95.55,96.24
8/4/2016,95.54,95.9,95.42,95.79
8/3/2016,95.13,95.61,95.14,95.55
8/2/2016,95.82,95.85,95,95.11
8/1/2016,95.52,95.82,95.54,95.78
07/29/16,96.62,96.62,95.38,95.52
07/28/16,96.73,96.77,96.29,96.66
07/27/16,97.14,97.53,96.67,96.79
07/26/16,97.29,97.32,96.85,97.17
07/25/16,97.34,97.57,97.22,97.26
07/22/16,96.92,97.54,96.83,97.35
07/21/16,97.13,97.21,96.73,96.97
07/20/16,97.08,97.32,96.99,97.14
07/19/16,96.55,97.15,96.52,97.05
07/18/16,96.67,96.71,96.47,96.55
07/15/16,96.13,96.73,95.91,96.68
07/14/16,96.27,96.37,95.83,96.1
07/13/16,96.51,96.6,96.09,96.31
7/12/2016,96.54,96.64,96.07,96.51
7/11/2016,96.28,96.79,96.27,96.55
7/8/2016,96.28,96.7,95.83,96.28
7/7/2016,96.13,96.34,95.92,96.25
7/6/2016,96.25,96.5,95.98,96.1
7/5/2016,95.54,96.25,95.34,96.21
7/4/2016,95.63,95.89,95.43,95.51
7/1/2016,95.89,96.08,95.41,95.64
06/30/16,95.67,96.42,95.44,95.96
06/29/16,96.04,96.2,95.59,95.65
06/28/16,96.41,96.4,95.77,96.06
06/27/16,95.55,96.7,95.81,96.37
06/24/16,93.45,96.7,93.71,95.54
06/23/16,93.5,93.61,93.02,93.21
06/22/16,94.05,94.12,93.42,93.56
06/21/16,93.61,94.14,93.42,94.07
06/20/16,94.14,93.78,93.45,93.65
06/17/16,94.58,94.59,94.07,94.14
06/16/16,94.6,95.32,94.2,94.61
06/15/16,94.91,95.04,94.36,94.61
06/14/16,94.36,95.03,94.32,94.93
06/13/16,94.65,94.75,94.24,94.39
6/10/2016,94.09,94.71,94.05,94.66
6/9/2016,93.55,94.13,93.43,94.07
6/8/2016,93.86,93.87,93.42,93.55
6/7/2016,94.02,94.09,93.75,93.86
6/6/2016,93.87,94.27,93.75,94.03
6/3/2016,95.55,95.64,93.86,93.87
6/2/2016,95.43,95.61,95.15,95.55
6/1/2016,95.81,95.9,95.34,95.42
05/31/16,95.66,95.89,95.46,95.8
05/30/16,95.7,95.97,95.63,95.7
05/27/16,95.14,95.78,95.08,95.7
05/26/16,95.42,95.42,94.94,95.14
05/25/16,95.63,95.66,95.33,95.41
05/24/16,95.27,95.66,95.2,95.59
05/23/16,95.27,95.48,95.1,95.25
05/20/16,95.29,95.46,95.17,95.27
05/19/16,95.15,95.5,95.12,95.31
05/18/16,94.58,95.27,94.53,95.19
05/17/16,94.57,94.71,94.33,94.57
05/16/16,94.58,94.68,94.4,94.56
05/13/16,94.12,94.84,94.12,94.61
5/12/2016,93.85,94.19,93.8,94.16
5/11/2016,94.26,94.24,93.68,93.83
5/10/2016,94.13,94.36,94.03,94.27
5/9/2016,93.83,94.2,93.8,94.16
5/6/2016,93.73,93.96,93.28,93.89
5/5/2016,93.21,93.86,93.17,93.76
5/4/2016,92.98,93.36,92.85,93.27
5/3/2016,92.6,93.11,91.92,93.06
5/2/2016,93.02,93.07,92.54,92.59
04/29/16,93.8,93.75,93.01,93.08
04/28/16,94.39,94.58,93.69,93.76
04/27/16,94.53,94.8,94.15,94.39
04/26/16,94.79,94.81,94.2,94.51
04/25/16,95.11,95.08,94.68,94.8
04/22/16,94.63,95.2,94.47,95.12
04/21/16,94.53,94.7,93.92,94.65
04/20/16,94.14,94.59,93.94,94.55
04/19/16,94.49,94.55,93.93,94.12
04/18/16,94.69,94.83,94.38,94.46
04/15/16,94.93,95.05,94.51,94.7
04/14/16,94.81,95.2,94.68,94.94
04/13/16,94.05,94.85,94,94.78
4/12/2016,93.96,94.39,93.63,94.05
4/11/2016,94.2,94.34,93.75,94.01
4/8/2016,94.56,94.68,94.09,94.19
4/7/2016,94.48,94.67,94.02,94.51
4/6/2016,94.6,95.07,94.24,94.5
4/5/2016,94.58,94.98,94.45,94.62
4/4/2016,94.58,94.83,94.41,94.56
4/1/2016,94.64,95.11,94.33,94.61
03/31/16,94.84,95.03,94.32,94.63
03/30/16,95.21,95.22,94.59,94.83
03/29/16,95.96,96.22,95.09,95.18
03/28/16,96.28,96.4,95.84,95.97
03/25/16,96.07,96.36,96.04,96.13
03/24/16,96.07,96.36,96.04,96.13
03/23/16,95.64,96.23,95.62,96.04
03/22/16,95.43,95.75,95.26,95.67
03/21/16,95.04,95.41,95,95.4
03/18/16,94.77,95.17,94.58,95.09
03/17/16,95.75,95.83,94.65,94.78
03/16/16,96.67,97.06,95.54,95.75
03/15/16,96.6,96.87,96.47,96.66
03/14/16,96.19,96.71,96.14,96.57
3/11/2016,96.17,96.72,95.94,96.2
3/10/2016,97.23,98.42,95.94,96.17
3/9/2016,97.22,97.57,96.93,97.17
3/8/2016,97.11,97.27,96.89,97.2
3/7/2016,97.23,97.7,97.04,97.1
3/4/2016,97.67,98.03,97.02,97.22
3/3/2016,98.2,98.35,97.46,97.65
3/2/2016,98.26,98.58,98.12,98.18
3/1/2016,98.18,98.57,98.09,98.34
02/29/16,98.11,98.37,97.8,98.15
02/26/16,97.4,98.26,97.1,98.15
02/25/16,97.49,97.72,97.22,97.45
02/24/16,97.47,97.92,97.23,97.44
02/23/16,97.36,97.58,97.14,97.44
02/22/16,96.59,97.6,96.73,97.39
02/19/16,96.87,97.17,96.56,96.59
02/18/16,96.89,97.09,96.69,96.84
02/17/16,96.94,97.1,96.63,96.86
02/16/16,96.58,96.99,96.38,96.9
02/15/16,95.5,96.22,95.46,95.97
2/12/2016,95.5,96.22,95.46,95.97
2/11/2016,95.89,95.9,95.24,95.6
2/10/2016,96.06,96.72,95.76,95.82
2/9/2016,96.73,96.83,95.66,96.06
2/8/2016,96.56,97.48,96.54,96.67
2/5/2016,96.56,97.27,96.32,96.96
2/4/2016,97.29,97.47,96.26,96.56
2/3/2016,98.83,98.94,96.89,97.3
2/2/2016,98.99,99.09,98.75,98.81
2/1/2016,98.65,99.63,98.93,99.04
01/29/16,98.65,99.83,98.58,99.53
01/28/16,98.88,99.11,98.42,98.59
01/27/16,99.02,99.16,98.71,98.92
01/26/16,99.3,99.45,99,99.04
01/25/16,99.18,99.55,99.23,99.28
01/22/16,99.18,99.59,99.11,99.53
01/21/16,99.19,99.8,98.91,99.12
01/20/16,99.02,99.19,98.63,99.06
01/19/16,99.12,99.31,98.86,99.08
01/18/16,99.1,99.2,98.88,99.1
01/15/16,99.1,99.12,98.38,98.94
01/14/16,98.82,99.26,98.59,99.07
01/13/16,99.03,99.33,98.86,98.89
1/12/2016,98.8,99.28,98.57,99.02
1/11/2016,98.3,98.89,98.25,98.82
1/8/2016,98.3,99.18,98.27,98.38
1/7/2016,99.21,99.3,98.17,98.29
1/6/2016,99.39,99.58,99.11,99.26
1/5/2016,98.87,99.63,98.75,99.33
1/4/2016,98.69,99.18,98.05,98.85
1/1/2016,98.22,98.78,98.18,98.69
12/31/15,98.22,98.78,98.18,98.69
12/30/15,98.21,98.41,98.11,98.26
12/29/15,97.9,98.41,97.8,98.24
12/28/15,97.87,98.03,97.81,97.95
12/25/15,98.33,98.38,97.86,97.9
12/24/15,98.33,98.38,97.86,97.9
12/23/15,98.21,98.6,98.19,98.39
12/22/15,98.46,98.51,98,98.22
12/21/15,99.02,98.84,98.29,98.47
12/18/15,99.02,99.18,98.64,98.72
12/17/15,98.56,99.29,98.53,99.05
12/16/15,98.19,98.6,97.66,98.58
12/15/15,97.64,98.29,97.19,98.13
12/14/15,97.98,97.93,97.28,97.58
12/11/2015,97.98,98.09,97.33,97.63
12/10/2015,97.41,97.99,97.36,97.93
12/9/2015,98.45,98.52,97.22,97.39
12/8/2015,98.73,98.76,98.33,98.4
12/7/2015,97.83,98.9,98.3,98.75
12/4/2015,97.83,98.61,97.75,98.25
12/3/2015,100.01,100.47,97.59,97.92
12/2/2015,99.83,100.51,99.8,100.02
12/1/2015,100.23,100.26,99.72,99.84
11/30/15,99.86,100.31,100.05,100.2
11/27/15,99.86,100.2,99.66,100.08
11/26/15,99.74,99.91,99.71,99.87
11/25/15,99.56,100.17,99.31,99.76
11/24/15,99.68,99.78,99.47,99.61
11/23/15,99.09,100,99.53,99.76
11/20/15,99.09,99.65,99,99.61
11/19/15,99.41,99.48,98.73,99
11/18/15,99.65,99.85,99.31,99.55
11/17/15,99.4,99.75,99.36,99.67
11/16/15,98.57,99.46,98.87,99.39
11/13/15,98.57,99.21,98.53,98.8
11/12/2015,98.82,99.29,98.43,98.56
11/11/2015,99.1,99.24,98.78,98.85
11/10/2015,99.01,99.5,98.94,99.2
11/9/2015,97.95,99.26,98.82,98.99
11/6/2015,97.95,99.34,97.89,99.15
11/5/2015,97.94,98.14,97.75,97.99
11/4/2015,97.2,98.05,97.17,97.89
11/3/2015,96.9,97.48,96.77,97.18
11/2/2015,97.19,96.97,96.64,96.91
10/30/15,97.19,97.35,96.58,96.92
10/29/15,97.61,97.69,97.19,97.22
10/28/15,96.95,97.82,96.47,97.62
10/27/15,96.8,96.97,96.58,96.91
10/26/15,96.4,97.08,96.68,96.82
10/23/15,96.4,97.2,96.15,97.04
10/22/15,95.04,96.54,94.94,96.4
10/21/15,94.85,95.08,94.72,95.05
10/20/15,94.93,94.95,94.59,94.86
10/19/15,94.47,95,94.55,94.92
10/16/15,94.47,94.77,94.37,94.73
10/15/15,93.95,94.59,93.81,94.44
10/14/15,94.76,94.76,93.84,93.91
10/13/15,94.9,94.98,94.54,94.76
10/12/2015,95.23,94.9,94.62,94.88
10/9/2015,95.23,95.34,94.69,94.89
10/8/2015,95.57,95.61,94.98,95.3
10/7/2015,95.47,95.7,95.33,95.57
10/6/2015,96.05,96.16,95.4,95.46
10/5/2015,96.14,96.17,95.45,96.08
10/2/2015,96.14,96.38,95.22,95.92
10/1/2015,96.27,96.49,95.97,96.1
09/30/15,95.91,96.41,95.85,96.28
09/29/15,96.02,96.24,95.71,95.89
09/28/15,96.24,96.5,95.9,96.01
09/25/15,96.24,96.7,96.12,96.25
09/24/15,96.23,96.33,95.46,96.3
09/23/15,96.31,96.55,96.02,96.2
09/22/15,95.92,96.4,95.76,96.32
09/21/15,94.58,95.98,95.04,95.93
09/18/15,94.58,95.38,94.06,95.15
09/17/15,95.32,95.39,94.36,94.54
09/16/15,95.58,95.84,95.16,95.33
09/15/15,95.31,95.68,95.13,95.59
09/14/15,95.49,95.45,94.91,95.28
9/11/2015,95.49,95.69,95.11,95.18
9/10/2015,95.92,96.19,95.4,95.5
9/9/2015,95.84,96.41,95.85,95.95
9/8/2015,96.14,96.24,95.73,95.86
9/7/2015,96.41,96.58,95.97,96.22
9/4/2015,96.41,96.58,95.97,96.22
9/3/2015,95.94,96.62,95.79,96.41
9/2/2015,95.41,95.98,95.42,95.97
9/1/2015,95.91,95.87,95.19,95.38
08/31/15,95.77,96.25,95.62,95.93
08/28/15,95.77,96.32,95.38,96.15
08/27/15,95.2,96.03,94.98,95.77
08/26/15,93.94,95.44,93.72,95.28
08/25/15,93.39,94.69,93.49,93.96
08/24/15,95.81,94.96,92.62,93.42
08/21/15,95.81,95.82,94.8,94.8
08/20/15,96.46,96.58,95.71,95.77
08/19/15,97,97.08,96.34,96.45
08/18/15,96.84,97.07,96.68,97
08/17/15,96.4,96.94,96.51,96.82
08/14/15,96.4,96.67,96.09,96.59
08/13/15,96.34,96.81,96.12,96.36
8/12/2015,97.18,97.33,95.93,96.29
8/11/2015,97.19,97.59,96.88,97.2
8/10/2015,97.8,97.92,97.04,97.19
8/7/2015,97.8,98.33,97.51,97.56
8/6/2015,97.88,98.16,97.63,97.78
8/5/2015,97.93,98.22,97.64,97.9
8/4/2015,97.48,98,97.21,97.94
8/3/2015,97.47,97.58,97.16,97.45
07/31/15,97.47,97.6,96.31,97.19
07/30/15,97.13,97.77,97.17,97.49
07/29/15,96.64,97.25,96.5,97.17
07/28/15,96.58,96.97,96.47,96.65
07/27/15,97.19,97.29,96.29,96.53
07/24/15,97.19,97.62,97.12,97.24
07/23/15,97.44,97.51,96.89,97.2
07/22/15,97.34,97.79,97.11,97.45
07/21/15,98.01,98.15,97.14,97.31
07/20/15,97.66,98.15,97.73,98.05
07/17/15,97.66,97.98,97.42,97.96
07/16/15,97.12,97.76,97.17,97.66
07/15/15,96.62,97.31,96.53,97.16
07/14/15,96.79,97.05,96.27,96.61
07/13/15,96.38,96.86,95.63,96.8
7/10/2015,96.38,96.39,95.45,96.03
7/9/2015,96.21,96.75,95.97,96.27
7/8/2015,96.7,96.88,96.12,96.22
7/7/2015,96.26,97.23,96.31,96.77
7/6/2015,96.08,96.63,96.02,96.26
7/3/2015,96.08,96.22,95.87,95.95
7/2/2015,96.33,96.42,95.87,96.07
7/1/2015,95.6,96.35,95.47,96.27
06/30/15,95.05,95.68,94.85,95.53
06/29/15,95.17,96.37,94.68,94.99
06/26/15,95.17,95.67,95.08,95.4
06/25/15,95.27,95.51,95.09,95.21
06/24/15,95.38,95.54,94.93,95.28
06/23/15,94.3,95.64,94.3,95.4
06/22/15,94.03,94.45,93.81,94.32
06/19/15,94.03,94.5,93.9,94.06
06/18/15,94.22,94.23,93.56,94.01
06/17/15,94.95,95.18,94.11,94.3
06/16/15,94.84,95.23,94.56,94.96
06/15/15,95.09,95.39,94.73,94.83
6/12/2015,95.09,95.68,94.69,94.97
6/11/2015,94.67,95.59,94.71,95.1
6/10/2015,95.17,95.23,94.32,94.61
6/9/2015,95.25,95.58,94.84,95.19
6/8/2015,95.8,96.55,95.05,95.25
6/5/2015,95.8,96.91,95.36,96.34
6/4/2015,95.42,95.62,94.65,95.58
6/3/2015,95.94,96.51,95.21,95.36
6/2/2015,97.44,97.53,95.67,95.94
6/1/2015,96.89,97.68,96.93,97.43
05/29/15,96.89,97.19,96.75,96.89
05/28/15,97.26,97.63,96.86,96.88
05/27/15,97.23,97.78,96.89,97.3
05/26/15,96.38,97.36,96.45,97.22
05/25/15,95.39,96.47,96.17,96.38
05/22/15,95.39,96.27,94.82,96.14
05/21/15,95.58,95.65,94.97,95.4
05/20/15,95.3,95.84,95.26,95.59
05/19/15,94.13,95.47,94.09,95.31
05/18/15,93.41,94.27,93.27,94.16
05/15/15,93.41,94.03,93.14,93.23
05/14/15,93.66,93.76,93.13,93.39
05/13/15,94.56,94.59,93.46,93.62
5/12/2015,95.06,95.16,94.24,94.56
5/11/2015,94.64,95.26,94.8,95.03
5/8/2015,94.64,95.06,94.32,94.82
5/7/2015,94.15,94.83,93.89,94.62
5/6/2015,95.17,95.22,93.88,94.16
5/5/2015,95.43,95.95,94.88,95.14
5/4/2015,94.83,95.64,95.04,95.44
5/1/2015,94.83,95.4,94.5,95.21
04/30/15,95.2,95.45,94.4,94.81
04/29/15,96.1,96.18,94.68,95.21
04/28/15,96.77,96.93,96.01,96.11
04/27/15,97.34,97.28,96.47,96.86
04/24/15,97.34,97.56,96.75,96.86
04/23/15,98.06,98.42,97.14,97.31
04/22/15,97.96,98.12,97.43,98.06
04/21/15,97.93,98.45,97.64,97.98
04/20/15,97.34,98.07,97.33,97.91
04/17/15,97.64,97.82,97,97.45
04/16/15,98.42,98.72,97.28,97.69
04/15/15,98.78,99.36,98.22,98.39
04/14/15,99.47,99.7,98.37,98.78
04/13/15,99.49,99.99,99.23,99.51
4/10/2015,98.97,99.69,98.84,99.35
4/9/2015,98.03,99.18,98.04,98.97
4/8/2015,97.87,98.2,97.25,98.06
4/7/2015,97.06,98.02,96.93,97.91
4/6/2015,96.6,97.24,96.33,97.06
4/3/2015,98.17,98.28,97.33,97.53
4/2/2015,98.17,98.28,97.33,97.53
4/1/2015,98.39,98.64,97.98,98.12
03/31/15,97.91,98.67,97.83,98.38
03/30/15,97.4,98.07,97.42,97.96
03/27/15,97.37,97.92,96.99,97.39
03/26/15,96.9,97.55,96.17,97.42
03/25/15,97.22,97.3,96.54,96.92
03/24/15,96.89,97.38,96.39,97.24
03/23/15,97.66,98.24,96.83,96.96
03/20/15,99.05,99.12,97.45,97.8
03/19/15,97.82,99.46,97.21,99.07
03/18/15,99.63,99.8,96.63,97.82
03/17/15,99.68,99.83,99.23,99.65
03/16/15,100.33,100.27,99.32,99.69
03/13/15,99.22,100.39,99.2,100.18
3/12/2015,99.67,100.06,98.65,99.27
3/11/2015,98.64,99.98,98.49,99.67
3/10/2015,97.73,98.81,97.78,98.67
3/9/2015,97.8,97.78,97.29,97.66
3/6/2015,96.32,97.73,96.3,97.72
3/5/2015,95.95,96.59,95.84,96.35
3/4/2015,95.36,96.06,95.32,95.91
3/3/2015,95.5,95.57,95.1,95.37
3/2/2015,95.36,95.51,95.06,95.47
02/27/15,95.19,95.36,94.91,95.25
02/26/15,94.19,95.36,94.06,95.26
02/25/15,94.41,94.48,94.13,94.2
02/24/15,94.57,94.98,94.43,94.48
02/23/15,94.24,94.92,94.28,94.55
02/20/15,94.41,94.79,94.05,94.25
02/19/15,94.09,94.45,93.83,94.39
02/18/15,94.14,94.53,93.98,94.1
02/17/15,94.4,94.51,93.8,94.13
02/16/15,94.18,94.31,93.9,94.19
02/13/15,94.18,94.31,93.9,94.19
2/12/2015,94.9,94.97,93.98,94.18
2/11/2015,94.72,95.11,94.64,94.92
2/10/2015,94.55,94.88,94.4,94.74
2/9/2015,94.81,94.88,94.36,94.51
2/6/2015,93.6,94.76,93.52,94.65
2/5/2015,94.42,94.55,93.42,93.59
2/4/2015,93.75,94.59,93.61,94.57
2/3/2015,94.6,94.7,93.25,93.75
2/2/2015,94.67,94.88,94.37,94.56
01/30/15,94.66,94.92,94.43,94.85
01/29/15,94.6,95.01,94.33,94.68
01/28/15,94.12,94.69,93.97,94.63
01/27/15,94.91,95.01,93.7,94.08
01/26/15,95.47,95.33,94.59,94.93
01/23/15,94.21,95.48,94.11,94.99
01/22/15,92.82,94.5,92.48,94.19
01/21/15,93.08,93.09,92.15,92.71
01/20/15,92.62,93.1,92.55,93
01/19/15,92.65,92.72,92.33,92.61
01/16/15,92.1,93.26,92.08,92.52
01/15/15,92.13,92.75,91.51,92.14
01/14/15,92.22,92.42,91.61,92.09
01/13/15,92.03,92.43,91.81,92.22
1/12/2015,91.73,92.34,91.72,92.08
1/9/2015,92.31,92.5,91.89,91.92
1/8/2015,91.94,92.53,91.94,92.31
1/7/2015,91.74,92.27,91.65,92.02
1/6/2015,91.37,91.81,91.12,91.75
1/5/2015,91.46,91.78,91.23,91.37
1/2/2015,90.35,91.16,90.33,91.16
1/1/2015,89.94,90.3,89.86,90.28
12/31/14,89.94,90.3,89.86,90.28
12/30/14,90.2,90.33,89.81,89.94
12/29/14,90.05,90.27,89.79,90.2
12/26/14,89.87,90.08,89.78,90.03
12/25/14,90.06,90.08,89.81,89.92
12/24/14,90.06,90.08,89.81,89.92
12/23/14,89.78,90.16,89.63,90.07
12/22/14,89.64,89.79,89.37,89.78
12/19/14,89.24,89.65,89.18,89.6
12/18/14,89.11,89.4,88.92,89.24
12/17/14,88.02,89.14,87.9,89.08
12/16/14,88.47,88.51,87.63,87.97
12/15/14,88.19,88.63,88.17,88.43
12/12/2014,88.58,88.64,88.11,88.32
12/11/2014,87.97,88.79,87.91,88.55
12/10/2014,88.63,88.81,88.19,88.22
12/9/2014,88.69,88.69,88.69,88.69
12/8/2014,89.34,89.55,88.91,89.12
12/5/2014,88.62,89.47,88.58,89.36
12/4/2014,88.93,89.12,88.21,88.6
12/3/2014,88.61,89,88.58,88.96
12/2/2014,87.99,88.67,87.95,88.63
12/1/2014,88.3,88.45,87.78,87.98
